Filename,Category
imgconvert_colab.py,Medium-Sized Script
autofixer.py,Medium-Sized Script
scan_images_individual.py,Small Utility Script
cleanups.py,Medium-Sized Script
convert copy.py,Small Utility Script
quiz-.py,Medium-Sized Script
up-down-old.py,Medium-Sized Script
quiz-tts.py,Medium-Sized Script
vance.py,Medium-Sized Script
trek 2.py,Medium-Sized Script
gback.py,Small Utility Script
imgmp4 copy.py,Medium-Sized Script
over3.py,Medium-Sized Script
import.py,Medium-Sized Script
mask.py,Medium-Sized Script
process_csv.py,Small Utility Script
downs.py,Medium-Sized Script
generate_speech 2.py,Medium-Sized Script
converts copy.py,Medium-Sized Script
upscale copy 2.py,Medium-Sized Script
vid.py,Small Utility Script
webpConvert.py,Medium-Sized Script
midj-.py,Small Utility Script
imove.py,Medium-Sized Script
myinfo.py,Small Utility Script
batch copy.py,Medium-Sized Script
imgupscale 2.py,Medium-Sized Script
quiz.py,Medium-Sized Script
CreateVideo.py,Medium-Sized Script
cover.py,Medium-Sized Script
speak.py,Medium-Sized Script
GenerateTexts.py,Small Utility Script
speek.py,Small Utility Script
txt-csv.py,Medium-Sized Script
impo.py,Medium-Sized Script
15days.py,Medium-Sized Script
gthumb.py,Data Processing Script
169-11.py,Medium-Sized Script
curl.py,Medium-Sized Script
contacts.py,Medium-Sized Script
mp3.py,Medium-Sized Script
orn-up.py,Medium-Sized Script
loop-upscale copy.py,Medium-Sized Script
config.py,Small Utility Script
img-img-upscale copy.py,Medium-Sized Script
convertupscale.py,Medium-Sized Script
categorygpt.py,Medium-Sized Script
batch_upload.py,Medium-Sized Script
breakdown.py,Medium-Sized Script
get-pip.py,Unknown Category
check.py,Medium-Sized Script
csvmerge.py,Medium-Sized Script
convert-loop2.py,Medium-Sized Script
pdf-merge.py,Small Utility Script
upscale-.py,Medium-Sized Script
quiz-talk.py,Medium-Sized Script
batch-info.py,Medium-Sized Script
pythoncat.py,Medium-Sized Script
upload.py,Medium-Sized Script
Quiz-txt2speech.py,Medium-Sized Script
analyze-prompt.py,Medium-Sized Script
trek 3.py,Medium-Sized Script
vision.py,Medium-Sized Script
ytcsv.py,Small Utility Script
div.py,Medium-Sized Script
idt.py,Medium-Sized Script
youtube_analytics.py,Medium-Sized Script
organize.py,Medium-Sized Script
finaltry.py,Medium-Sized Script
goapi.py,Small Utility Script
convert-loop.py,Medium-Sized Script
mywork.py,Medium-Sized Script
removebg.py,Medium-Sized Script
motion-upload.py,Medium-Sized Script
y.py,Small Utility Script
trek.py,Medium-Sized Script
imgmp4.py,Medium-Sized Script
categories.py,Medium-Sized Script
csv-download.py,Small Utility Script
riddle.py,Medium-Sized Script
yt-thumbnail-dl.py,Medium-Sized Script
upcreatmod.py,Medium-Sized Script
sort.py,Medium-Sized Script
upscale-dl.py,Medium-Sized Script
upscale-dl 2.py,Medium-Sized Script
scan_images.py,Small Utility Script
upscale 3.py,Medium-Sized Script
img-img.py,Medium-Sized Script
analyze-prompts.py,Medium-Sized Script
curld.py,Medium-Sized Script
ythumb.py,Medium-Sized Script
mp3_colab.py,Medium-Sized Script
up-down.py,Medium-Sized Script
convert.py,Small Utility Script
batch.py,Medium-Sized Script
listcsv.py,Small Utility Script
removebg copy.py,Medium-Sized Script
remove.py,Small Utility Script
2leomotion.py,Medium-Sized Script
universe4 2.py,Medium-Sized Script
png-jpg.py,Medium-Sized Script
2025-vid.py,Medium-Sized Script
upscale.py,Medium-Sized Script
upscale copy.py,Medium-Sized Script
pydoc.py,Small Utility Script
docs.py,Medium-Sized Script
cleanupd.py,Medium-Sized Script
mp4-mp4.py,Medium-Sized Script
other.py,Medium-Sized Script
Whisper-Quiz-Voice.py,Medium-Sized Script
upscale-sub.py,Medium-Sized Script
archives.py,Medium-Sized Script
dthumb.py,Medium-Sized Script
img2img.py,Medium-Sized Script
docgen.py,Medium-Sized Script
test.py,Medium-Sized Script
etsycsv.py,Small Utility Script
quiz-text-speech.py,Medium-Sized Script
main 2.py,Small Utility Script
trek3.py,Medium-Sized Script
upscale 2.py,Medium-Sized Script
img.py,Medium-Sized Script
web-png-upscale.py,Medium-Sized Script
fancyimg copy.py,Medium-Sized Script
pics.py,Medium-Sized Script
csvr.py,Medium-Sized Script
upscalecreateimages.py,Medium-Sized Script
imgupscale.py,Medium-Sized Script
create_video.py,Medium-Sized Script
YTubeDLthumbs.py,Medium-Sized Script
300dpi.py,Medium-Sized Script
loop-upscale.py,Medium-Sized Script
vids.py,Medium-Sized Script
ident.py,Medium-Sized Script
mp3_to_mp4.py,Small Utility Script
ytube.py,Medium-Sized Script
fdupes.py,Small Utility Script
gpt-all.py,Medium-Sized Script
mp3-mp4-coverimg.py,Medium-Sized Script
imgconvert copy.py,Medium-Sized Script
YTdownloadthumb.py,Medium-Sized Script
universe4.py,Medium-Sized Script
sort copy.py,Medium-Sized Script
pdf2img.py,Small Utility Script
test copy.py,Medium-Sized Script
generate_speech.py,Medium-Sized Script
sort2.py,Medium-Sized Script
merge_markdown.py,Medium-Sized Script
text.py,Medium-Sized Script
dthumb2.py,Medium-Sized Script
upscaleuploadimages.py,Medium-Sized Script
imgconvert.py,Medium-Sized Script
move.py,Small Utility Script
midj.py,Small Utility Script
cover2.py,Medium-Sized Script
converts.py,Medium-Sized Script
pydoc-analyze.py,Medium-Sized Script
1500-cutout-orn-process.py,Medium-Sized Script
youtube2.py,Medium-Sized Script
audio.py,Medium-Sized Script
upscale 2 copy.py,Medium-Sized Script
motion-upload copy.py,Medium-Sized Script
motion-upload 3.py,Medium-Sized Script
errors.py,Medium-Sized Script
magickbg.py,Small Utility Script
idt copy.py,Medium-Sized Script
copy_my.py,Medium-Sized Script
web-png-upscale copy.py,Medium-Sized Script
upscale2.py,Medium-Sized Script
audiototext.py,Syntax Error Script
fancyimg.py,Medium-Sized Script
Quiz22sec.py,Medium-Sized Script
speech.py,Medium-Sized Script
dallecsv.py,Small Utility Script
img2img copy.py,Medium-Sized Script
convert-loop2 2.py,Medium-Sized Script
import os.py,Medium-Sized Script
main.py,Small Utility Script
Mp3toMp4ximg.py,Medium-Sized Script
pods2.py,Medium-Sized Script
img-img-upscale.py,Medium-Sized Script
pipgen.py,Small Utility Script
9mb.py,Medium-Sized Script
batch.py.bak.py,Medium-Sized Script
8mb.py,Medium-Sized Script
backup_installations.py,Medium-Sized Script
quiz-time.py,Medium-Sized Script
re_custom.py,Syntax Error Script
organize_files.py,Medium-Sized Script
backupcsv.py,Medium-Sized Script
mp4tomp3.py,Medium-Sized Script
up-down-mp4.py,Medium-Sized Script
gpt4.py,Medium-Sized Script
sora.py,Small Utility Script
loop-upscale copy 2.py,Medium-Sized Script
category.py,Medium-Sized Script
motion-upload 2.py,Medium-Sized Script
yt-dalle-prompt.py,Medium-Sized Script
imgconvert_colab copy.py,Medium-Sized Script
check-python.py,Medium-Sized Script
autofix.py,Medium-Sized Script
imgupscale copy.py,Medium-Sized Script
img-prompt.py,Medium-Sized Script
dalle-html.py,Medium-Sized Script
pods.py,Medium-Sized Script
downsize.py,Medium-Sized Script
upscale3.py,Medium-Sized Script
speek.py,Small Utility Script
curl.py,Medium-Sized Script
curld.py,Medium-Sized Script
2leomotion.py,Medium-Sized Script
generate_speech.py,Medium-Sized Script
main.py,Small Utility Script
quiz-tts.py,Medium-Sized Script
speak.py,Medium-Sized Script
trek.py,Medium-Sized Script
test.py,Medium-Sized Script
generate_speech.py,Medium-Sized Script
speech.py,Medium-Sized Script
main.py,Small Utility Script
trek.py,Medium-Sized Script
quiz-tts.py,Medium-Sized Script
transcribe.py,Small Utility Script
analyze.py,Medium-Sized Script
import.py,Medium-Sized Script
upcreatmod.py,Medium-Sized Script
test.py,Medium-Sized Script
uploadimages.py,Medium-Sized Script
2.0.py,Medium-Sized Script
createimages.py,Medium-Sized Script
toc-merge.py,Medium-Sized Script
merge-pdfs.py,Small Utility Script
toc-mark.py,Small Utility Script
bookmarks.py,Small Utility Script
tocpdf.py,Small Utility Script
config.py,Small Utility Script
main.py,Medium-Sized Script
videogenerator.py,Medium-Sized Script
textgenerator.py,Small Utility Script
config.py,Small Utility Script
dbl.py,Medium-Sized Script
cleanup2.py,Medium-Sized Script
doubles.py,Medium-Sized Script
docs.py,Medium-Sized Script
other.py,Medium-Sized Script
cleanup.py,Medium-Sized Script
img.py,Medium-Sized Script
vids.py,Medium-Sized Script
dups.py,Small Utility Script
audio.py,Medium-Sized Script
dupes.py,Medium-Sized Script
dblsort.py,Medium-Sized Script
sorts.py,Medium-Sized Script
config.py,Small Utility Script
organize.py,Medium-Sized Script
docs.py,Medium-Sized Script
other.py,Medium-Sized Script
img.py,Medium-Sized Script
vids.py,Medium-Sized Script
audio.py,Medium-Sized Script
create_video.py,Medium-Sized Script
transcribe.py,Small Utility Script
analyze.py,Medium-Sized Script
scan_images_individual.py,Small Utility Script
imove.py,Medium-Sized Script
scancsv.py,Small Utility Script
sort.py,Medium-Sized Script
sort copy.py,Medium-Sized Script
scan.py,Small Utility Script
CreateVideo.py,Medium-Sized Script
GenerateTexts.py,Small Utility Script
upload_video.py,Medium-Sized Script
audio.py,Small Utility Script
main.py,Small Utility Script
config.py,Small Utility Script
organize.py,Medium-Sized Script
docs.py,Medium-Sized Script
other.py,Medium-Sized Script
img.py,Medium-Sized Script
vids.py,Medium-Sized Script
audio.py,Medium-Sized Script
tag.py,Medium-Sized Script
config.py,Small Utility Script
main.py,Medium-Sized Script
videogenerator.py,Medium-Sized Script
textgenerator.py,Small Utility Script
motion-upload.py,Medium-Sized Script
imgmp4.py,Medium-Sized Script
motion-upload copy.py,Medium-Sized Script
motion-upload 2.py,Medium-Sized Script
leonardo_script copy 2.py,Medium-Sized Script
myinfo.py,Small Utility Script
leonardo_script 2.py,Medium-Sized Script
leo-ups.py,Medium-Sized Script
mywork.py,Medium-Sized Script
motion-upload.py,Medium-Sized Script
leoimg.py,Medium-Sized Script
2leomotion.py,Medium-Sized Script
leocsv.py,Medium-Sized Script
leoup.py,Medium-Sized Script
motion-upload copy.py,Medium-Sized Script
leonardo_script copy.py,Medium-Sized Script
leonardo2.py,Medium-Sized Script
motion-upload 2.py,Medium-Sized Script
leonardo_script.py,Medium-Sized Script
create_video.py,Medium-Sized Script
transcribe.py,Medium-Sized Script
analyze.py,Medium-Sized Script
create_video.py,Medium-Sized Script
transcribe.py,Small Utility Script
analyze.py,Medium-Sized Script
cover.py,Medium-Sized Script
imgmp4.py,Medium-Sized Script
cover2.py,Medium-Sized Script
y.py,Small Utility Script
ythumb.py,Medium-Sized Script
YTubeDLthumbs.py,Medium-Sized Script
ytube.py,Medium-Sized Script
YTdownloadthumb copy.py,Medium-Sized Script
YTdownloadthumb.py,Medium-Sized Script
yt-upload.py,Medium-Sized Script
ythumb copy.py,Medium-Sized Script
youtube2.py,Medium-Sized Script
YTubeDLthumbs copy.py,Medium-Sized Script
mp4-trans.py,Medium-Sized Script
test.py,Medium-Sized Script
transcribe.py,Small Utility Script
analyze.py,Medium-Sized Script
__init__.py,Small Utility Script
__pip-runner__.py,Medium-Sized Script
__main__.py,Small Utility Script
pyproject.py,Medium-Sized Script
__init__.py,Small Utility Script
main.py,Small Utility Script
self_outdated_check.py,Medium-Sized Script
xmlrpc.py,Medium-Sized Script
download.py,Medium-Sized Script
cache.py,Medium-Sized Script
__init__.py,Small Utility Script
utils.py,Medium-Sized Script
lazy_wheel.py,Medium-Sized Script
egg_link.py,Medium-Sized Script
compat.py,Medium-Sized Script
encoding.py,Medium-Sized Script
models.py,Medium-Sized Script
deprecation.py,Medium-Sized Script
subprocess.py,Medium-Sized Script
filesystem.py,Medium-Sized Script
direct_url_helpers.py,Medium-Sized Script
__init__.py,Small Utility Script
_jaraco_text.py,Medium-Sized Script
temp_dir.py,Medium-Sized Script
appdirs.py,Medium-Sized Script
setuptools_build.py,Medium-Sized Script
packaging.py,Medium-Sized Script
entrypoints.py,Medium-Sized Script
filetypes.py,Small Utility Script
compatibility_tags.py,Medium-Sized Script
datetime.py,Small Utility Script
urls.py,Medium-Sized Script
hashes.py,Medium-Sized Script
virtualenv.py,Medium-Sized Script
_log.py,Small Utility Script
glibc.py,Medium-Sized Script
wheel.py,Medium-Sized Script
unpacking.py,Medium-Sized Script
selection_prefs.py,Medium-Sized Script
direct_url.py,Medium-Sized Script
index.py,Medium-Sized Script
target_python.py,Medium-Sized Script
__init__.py,Small Utility Script
search_scope.py,Medium-Sized Script
candidate.py,Small Utility Script
format_control.py,Medium-Sized Script
installation_report.py,Medium-Sized Script
scheme.py,Small Utility Script
wheel.py,Medium-Sized Script
__init__.py,Small Utility Script
status_codes.py,Small Utility Script
command_context.py,Small Utility Script
spinners.py,Medium-Sized Script
autocompletion.py,Medium-Sized Script
base_command.py,Medium-Sized Script
main_parser.py,Medium-Sized Script
progress_bars.py,Medium-Sized Script
main.py,Medium-Sized Script
check.py,Medium-Sized Script
__init__.py,Small Utility Script
freeze.py,Medium-Sized Script
editable_legacy.py,Medium-Sized Script
__init__.py,Small Utility Script
wheel_legacy.py,Medium-Sized Script
metadata.py,Medium-Sized Script
metadata_editable.py,Medium-Sized Script
wheel_editable.py,Medium-Sized Script
__init__.py,Small Utility Script
metadata_legacy.py,Medium-Sized Script
wheel.py,Medium-Sized Script
build_tracker.py,Medium-Sized Script
req_set.py,Medium-Sized Script
req_uninstall.py,Unknown Category
__init__.py,Medium-Sized Script
__init__.py,Small Utility Script
base.py,Small Utility Script
__init__.py,Small Utility Script
provider.py,Medium-Sized Script
found_candidates.py,Medium-Sized Script
reporter.py,Medium-Sized Script
__init__.py,Small Utility Script
requirements.py,Medium-Sized Script
candidates.py,Unknown Category
base.py,Medium-Sized Script
__init__.py,Small Utility Script
mercurial.py,Medium-Sized Script
bazaar.py,Medium-Sized Script
_sysconfig.py,Medium-Sized Script
_distutils.py,Medium-Sized Script
base.py,Medium-Sized Script
collector.py,API Interaction Script
__init__.py,Small Utility Script
sources.py,Medium-Sized Script
configuration.py,Medium-Sized Script
show.py,Medium-Sized Script
check.py,Medium-Sized Script
index.py,Medium-Sized Script
completion.py,Medium-Sized Script
download.py,Medium-Sized Script
cache.py,Medium-Sized Script
__init__.py,Medium-Sized Script
hash.py,Medium-Sized Script
inspect.py,Medium-Sized Script
debug.py,Medium-Sized Script
uninstall.py,Medium-Sized Script
freeze.py,Medium-Sized Script
search.py,Medium-Sized Script
help.py,Medium-Sized Script
wheel.py,Medium-Sized Script
_json.py,Medium-Sized Script
__init__.py,Medium-Sized Script
pkg_resources.py,Medium-Sized Script
_dists.py,Medium-Sized Script
__init__.py,Small Utility Script
_compat.py,Medium-Sized Script
_envs.py,Medium-Sized Script
__init__.py,Small Utility Script
sdist.py,Medium-Sized Script
installed.py,Small Utility Script
base.py,Medium-Sized Script
wheel.py,Medium-Sized Script
__init__.py,Medium-Sized Script
_musllinux.py,Medium-Sized Script
__init__.py,Small Utility Script
utils.py,Medium-Sized Script
requirements.py,Medium-Sized Script
_structures.py,Medium-Sized Script
markers.py,Medium-Sized Script
__about__.py,Small Utility Script
_openssl.py,Medium-Sized Script
_api.py,Medium-Sized Script
__init__.py,Small Utility Script
_ssl_constants.py,Medium-Sized Script
__init__.py,Medium-Sized Script
exceptions.py,Medium-Sized Script
ext.py,Medium-Sized Script
resultdict.py,Small Utility Script
enums.py,Medium-Sized Script
version.py,Small Utility Script
utf1632prober.py,Medium-Sized Script
euckrprober.py,Medium-Sized Script
sjisprober.py,Medium-Sized Script
cp949prober.py,Medium-Sized Script
__init__.py,Medium-Sized Script
chardistribution.py,Medium-Sized Script
latin1prober.py,Medium-Sized Script
charsetprober.py,Medium-Sized Script
gb2312prober.py,Medium-Sized Script
mbcharsetprober.py,Medium-Sized Script
euctwprober.py,Medium-Sized Script
codingstatemachine.py,Medium-Sized Script
escprober.py,Medium-Sized Script
utf8prober.py,Medium-Sized Script
mbcsgroupprober.py,Medium-Sized Script
eucjpprober.py,Medium-Sized Script
sbcharsetprober.py,Medium-Sized Script
codingstatemachinedict.py,Small Utility Script
big5prober.py,Medium-Sized Script
johabprober.py,Medium-Sized Script
macromanprober.py,Medium-Sized Script
charsetgroupprober.py,Medium-Sized Script
sbcsgroupprober.py,Medium-Sized Script
__init__.py,Small Utility Script
chardetect.py,Medium-Sized Script
__init__.py,Small Utility Script
labels.py,Medium-Sized Script
mklabels.py,Medium-Sized Script
x_user_defined.py,Medium-Sized Script
tests.py,Medium-Sized Script
modeline.py,Small Utility Script
console.py,Medium-Sized Script
scanner.py,Medium-Sized Script
formatter.py,Medium-Sized Script
token.py,Medium-Sized Script
style.py,Medium-Sized Script
util.py,Medium-Sized Script
sphinxext.py,Medium-Sized Script
__init__.py,Medium-Sized Script
regexopt.py,Medium-Sized Script
plugin.py,Medium-Sized Script
filter.py,Medium-Sized Script
__main__.py,Small Utility Script
terminal.py,Medium-Sized Script
irc.py,Medium-Sized Script
__init__.py,Medium-Sized Script
other.py,Medium-Sized Script
rtf.py,Medium-Sized Script
svg.py,Medium-Sized Script
bbcode.py,Medium-Sized Script
pangomarkup.py,Medium-Sized Script
_mapping.py,Medium-Sized Script
groff.py,Medium-Sized Script
__init__.py,Medium-Sized Script
__init__.py,Small Utility Script
markers.py,Medium-Sized Script
util.py,Medium-Sized Script
actions.py,Medium-Sized Script
__init__.py,Medium-Sized Script
exceptions.py,Medium-Sized Script
__init__.py,Small Utility Script
__main__.py,Small Utility Script
__init__.py,Small Utility Script
win32.py,Medium-Sized Script
ansi.py,Medium-Sized Script
winterm.py,Medium-Sized Script
initialise.py,Medium-Sized Script
isatty_test.py,Medium-Sized Script
initialise_test.py,Medium-Sized Script
__init__.py,Small Utility Script
ansi_test.py,Medium-Sized Script
utils.py,Medium-Sized Script
winterm_test.py,Medium-Sized Script
serialize.py,Medium-Sized Script
wrapper.py,Medium-Sized Script
filewrapper.py,Medium-Sized Script
heuristics.py,Medium-Sized Script
adapter.py,Medium-Sized Script
cache.py,Medium-Sized Script
__init__.py,Small Utility Script
_cmd.py,Medium-Sized Script
file_cache.py,Medium-Sized Script
__init__.py,Small Utility Script
redis_cache.py,Medium-Sized Script
intranges.py,Medium-Sized Script
package_data.py,Small Utility Script
compat.py,Small Utility Script
__init__.py,Small Utility Script
codec.py,Medium-Sized Script
before.py,Medium-Sized Script
before_sleep.py,Medium-Sized Script
_asyncio.py,Medium-Sized Script
stop.py,Medium-Sized Script
wait.py,Medium-Sized Script
nap.py,Medium-Sized Script
after.py,Medium-Sized Script
retry.py,Medium-Sized Script
tornadoweb.py,Medium-Sized Script
_utils.py,Medium-Sized Script
auth.py,Medium-Sized Script
hooks.py,Small Utility Script
compat.py,Medium-Sized Script
certs.py,Small Utility Script
__init__.py,Medium-Sized Script
status_codes.py,Medium-Sized Script
packages.py,Small Utility Script
__version__.py,Small Utility Script
api.py,Medium-Sized Script
_internal_utils.py,Medium-Sized Script
exceptions.py,Medium-Sized Script
structures.py,Medium-Sized Script
help.py,Medium-Sized Script
_types.py,Small Utility Script
__init__.py,Small Utility Script
_re.py,Medium-Sized Script
__init__.py,Small Utility Script
core.py,Medium-Sized Script
__main__.py,Small Utility Script
__init__.py,Small Utility Script
_compat.py,Small Utility Script
__init__.py,Small Utility Script
themes.py,Small Utility Script
screen.py,Medium-Sized Script
measure.py,Medium-Sized Script
tree.py,Medium-Sized Script
console.py,Unknown Category
live_render.py,Medium-Sized Script
box.py,Medium-Sized Script
_timer.py,Small Utility Script
_fileno.py,Small Utility Script
theme.py,Medium-Sized Script
default_styles.py,Medium-Sized Script
_wrap.py,Medium-Sized Script
_log_render.py,Medium-Sized Script
emoji.py,Medium-Sized Script
containers.py,Medium-Sized Script
_emoji_replace.py,Medium-Sized Script
traceback.py,Unknown Category
region.py,Small Utility Script
protocol.py,Medium-Sized Script
_loop.py,Medium-Sized Script
control.py,Medium-Sized Script
filesize.py,Medium-Sized Script
_null_file.py,Medium-Sized Script
_palettes.py,Medium-Sized Script
__init__.py,Medium-Sized Script
_pick.py,Small Utility Script
file_proxy.py,Medium-Sized Script
palette.py,Medium-Sized Script
markup.py,Medium-Sized Script
_ratio.py,Medium-Sized Script
repr.py,Medium-Sized Script
constrain.py,Medium-Sized Script
diagnose.py,Small Utility Script
columns.py,Medium-Sized Script
rule.py,Medium-Sized Script
_inspect.py,Medium-Sized Script
pager.py,Small Utility Script
highlighter.py,Medium-Sized Script
terminal_theme.py,Medium-Sized Script
bar.py,Medium-Sized Script
live.py,Unknown Category
_export_format.py,Medium-Sized Script
progress_bar.py,Medium-Sized Script
errors.py,Small Utility Script
segment.py,Unknown Category
ansi.py,Medium-Sized Script
_stack.py,Small Utility Script
_windows.py,Medium-Sized Script
_cell_widths.py,Medium-Sized Script
cells.py,Medium-Sized Script
styled.py,Medium-Sized Script
spinner.py,Medium-Sized Script
_windows_renderer.py,Medium-Sized Script
json.py,Medium-Sized Script
padding.py,Medium-Sized Script
__main__.py,Medium-Sized Script
scope.py,Medium-Sized Script
_extension.py,Small Utility Script
status.py,Medium-Sized Script
abc.py,Small Utility Script
jupyter.py,Medium-Sized Script
color_triplet.py,Medium-Sized Script
filepost.py,Medium-Sized Script
fields.py,Medium-Sized Script
_version.py,Small Utility Script
request.py,Medium-Sized Script
__init__.py,Medium-Sized Script
exceptions.py,Medium-Sized Script
queue.py,Small Utility Script
ssltransport.py,Medium-Sized Script
proxy.py,Medium-Sized Script
wait.py,Medium-Sized Script
request.py,Medium-Sized Script
timeout.py,Medium-Sized Script
__init__.py,Medium-Sized Script
response.py,Medium-Sized Script
connection.py,Medium-Sized Script
ssl_match_hostname.py,Medium-Sized Script
__init__.py,Small Utility Script
socks.py,Medium-Sized Script
_appengine_environ.py,Small Utility Script
ntlmpool.py,Medium-Sized Script
__init__.py,Small Utility Script
__init__.py,Small Utility Script
makefile.py,Medium-Sized Script
weakref_finalize.py,Medium-Sized Script
__init__.py,Small Utility Script
providers.py,Medium-Sized Script
structs.py,Medium-Sized Script
reporters.py,Medium-Sized Script
__init__.py,Small Utility Script
collections_abc.py,Small Utility Script
macos.py,Medium-Sized Script
unix.py,Medium-Sized Script
version.py,Small Utility Script
api.py,Medium-Sized Script
android.py,Medium-Sized Script
windows.py,Medium-Sized Script
__main__.py,Medium-Sized Script
imove.py,Medium-Sized Script
other.py,Medium-Sized Script
img.py,Medium-Sized Script
pics.py,Medium-Sized Script
csvr.py,Medium-Sized Script
urls.py,Medium-Sized Script
test_onedrive_gallery_logic.py,Medium-Sized Script
test_file_gallery_logic.py,Medium-Sized Script
test_netlify_uploader.py,Medium-Sized Script
files_gallery_logic.py,Medium-Sized Script
helpers.py,Medium-Sized Script
trek 3.py,Medium-Sized Script
organize_files.py,Medium-Sized Script
base_gallery_logic.py,Medium-Sized Script
mercurial.py,Medium-Sized Script
search_scope.py,Medium-Sized Script
adapter.py,Medium-Sized Script
codingstatemachine.py,Medium-Sized Script
convert.py,Small Utility Script
videogenerator.py,Medium-Sized Script
myinfo.py,Small Utility Script
found_candidates.py,Medium-Sized Script
sbcharsetprober.py,Medium-Sized Script
codingstatemachinedict.py,Small Utility Script
generate_speech.py,Medium-Sized Script
test_google_gallery_logic.py,Medium-Sized Script
main 2.py,Small Utility Script
generate_speech 2.py,Medium-Sized Script
speech.py,Medium-Sized Script
scan_images.py,Small Utility Script
config.py,Small Utility Script
ytube.py,Medium-Sized Script
other.py,Medium-Sized Script
mklabels.py,Medium-Sized Script
errors.py,Medium-Sized Script
status_codes.py,Small Utility Script
target_python.py,Medium-Sized Script
pythoncatorize.py,Medium-Sized Script
Mp3toMp4ximg.py,Medium-Sized Script
autocompletion.py,Medium-Sized Script
merge-pdfs.py,Small Utility Script
config.py,Small Utility Script
files_gallery_logic.py,Medium-Sized Script
csv-output.py,Small Utility Script
midj-.py,Small Utility Script
GenerateTexts.py,Small Utility Script
main_parser.py,Medium-Sized Script
sjisprober.py,Medium-Sized Script
config.py,Small Utility Script
trek.py,Medium-Sized Script
gdrive.py,Medium-Sized Script
import.py,Medium-Sized Script
generate_speech 2.py,Medium-Sized Script
base_uploader.py,Small Utility Script
organize.py,Medium-Sized Script
vids.py,Medium-Sized Script
compat.py,Medium-Sized Script
dthumb2.py,Medium-Sized Script
scanpython.py,Medium-Sized Script
test_gallery_logic.py,Medium-Sized Script
test_file_gallery_logic.py,Medium-Sized Script
audio.py,Medium-Sized Script
CreateVideo.py,Medium-Sized Script
check.py,Medium-Sized Script
text.py,Medium-Sized Script
big5prober.py,Medium-Sized Script
imgmp4.py,Medium-Sized Script
div.py,Medium-Sized Script
bbcode.py,Medium-Sized Script
bookmarks.py,Small Utility Script
uninstall.py,Medium-Sized Script
redis_cache.py,Medium-Sized Script
category_flake8.py,Small Utility Script
euckrprober.py,Medium-Sized Script
utf1632prober.py,Medium-Sized Script
main.py,Small Utility Script
rtf.py,Medium-Sized Script
idt copy.py,Medium-Sized Script
leoimg.py,Medium-Sized Script
setuptools_build.py,Medium-Sized Script
sbcsgroupprober.py,Medium-Sized Script
img.py,Medium-Sized Script
YTubeDLthumbs.py,Medium-Sized Script
netlify_uploader.py,Medium-Sized Script
cleanupd.py,Medium-Sized Script
download.py,Medium-Sized Script
check-python.py,Medium-Sized Script
gallery_build.py,Medium-Sized Script
textgenerator.py,Small Utility Script
main.py,Medium-Sized Script
Quiz22sec.py,Medium-Sized Script
main.py,Medium-Sized Script
completion.py,Medium-Sized Script
mywork.py,Medium-Sized Script
google_gallery_logic.py,Medium-Sized Script
onedrive_gallery_logic.py,Medium-Sized Script
helpers.py,Medium-Sized Script
ext.py,Medium-Sized Script
test_gallery_init.py,Medium-Sized Script
import.py,Medium-Sized Script
resultdict.py,Small Utility Script
base.py,Medium-Sized Script
labels.py,Medium-Sized Script
filter.py,Medium-Sized Script
installed.py,Small Utility Script
test_file_gallery_logic.py,Medium-Sized Script
markers.py,Medium-Sized Script
scanpythons.py,Medium-Sized Script
check.py,Medium-Sized Script
media.py,Medium-Sized Script
packaging.py,Medium-Sized Script
organize_files.py,Medium-Sized Script
base.py,Medium-Sized Script
lazy_wheel.py,Medium-Sized Script
test_uploader_factory.py,Small Utility Script
winterm_test.py,Medium-Sized Script
etsycsv.py,Small Utility Script
terminal.py,Medium-Sized Script
reporter.py,Medium-Sized Script
mp3_to_mp4.py,Small Utility Script
organize.py,Medium-Sized Script
groff.py,Medium-Sized Script
wrapper.py,Medium-Sized Script
console.py,Medium-Sized Script
svg.py,Medium-Sized Script
etsycsv.py,Small Utility Script
main.py,Small Utility Script
midj.py,Small Utility Script
upcreatmod.py,Medium-Sized Script
initialise.py,Medium-Sized Script
media.py,Medium-Sized Script
motion-upload copy.py,Medium-Sized Script
enums.py,Medium-Sized Script
base.py,Small Utility Script
index.py,Medium-Sized Script
videogenerator.py,Medium-Sized Script
modeline.py,Small Utility Script
audio.py,Medium-Sized Script
motion-upload copy.py,Medium-Sized Script
before.py,Medium-Sized Script
vids.py,Medium-Sized Script
toc-merge.py,Medium-Sized Script
quiz.py,Medium-Sized Script
midj.py,Small Utility Script
media.py,Medium-Sized Script
impo.py,Medium-Sized Script
helpers.py,Medium-Sized Script
motion-upload 2.py,Medium-Sized Script
installation_report.py,Medium-Sized Script
bookmarks.py,Small Utility Script
motion-upload copy.py,Medium-Sized Script
chardetect.py,Medium-Sized Script
scheme.py,Small Utility Script
imove.py,Medium-Sized Script
15days.py,Medium-Sized Script
sort.py,Medium-Sized Script
docs.py,Medium-Sized Script
other.py,Medium-Sized Script
move.py,Small Utility Script
cleanups.py,Medium-Sized Script
unpacking.py,Medium-Sized Script
config.py,Small Utility Script
curl.py,Medium-Sized Script
onedrive_gallery_logic.py,Medium-Sized Script
metadata_legacy.py,Medium-Sized Script
glibc.py,Medium-Sized Script
gallery_upload.py,Medium-Sized Script
pdf-merge.py,Small Utility Script
latin1prober.py,Medium-Sized Script
progress_bars.py,Medium-Sized Script
version.py,Small Utility Script
test_gallery_upload.py,Medium-Sized Script
gb2312prober.py,Medium-Sized Script
other.py,Medium-Sized Script
formatter.py,Medium-Sized Script
editable_legacy.py,Medium-Sized Script
csv-download.py,Small Utility Script
compat.py,Small Utility Script
token.py,Medium-Sized Script
gback.py,Small Utility Script
req_set.py,Medium-Sized Script
utf8prober.py,Medium-Sized Script
mbcsgroupprober.py,Medium-Sized Script
command_context.py,Small Utility Script
pipgen.py,Small Utility Script
plugin.py,Medium-Sized Script
filetypes.py,Small Utility Script
generate_speech.py,Medium-Sized Script
direct_url.py,Medium-Sized Script
regexopt.py,Medium-Sized Script
test_uploader_factory.py,Small Utility Script
test_onedrive_gallery_logic.py,Medium-Sized Script
test_gallery_init.py,Medium-Sized Script
test_gallery_logic.py,Medium-Sized Script
quiz.py,Medium-Sized Script
netlify_uploader.py,Medium-Sized Script
charsetprober.py,Medium-Sized Script
heuristics.py,Medium-Sized Script
myinfo.py,Small Utility Script
util.py,Medium-Sized Script
common.py,Small Utility Script
cache.py,Medium-Sized Script
bazaar.py,Medium-Sized Script
upcreatmod.py,Medium-Sized Script
speek.py,Small Utility Script
yt-upload.py,Medium-Sized Script
initialise_test.py,Medium-Sized Script
15days.py,Medium-Sized Script
backup_installations.py,Medium-Sized Script
scanner.py,Medium-Sized Script
base.py,Medium-Sized Script
irc.py,Medium-Sized Script
encoding.py,Medium-Sized Script
stop.py,Medium-Sized Script
metadata_editable.py,Medium-Sized Script
convert.py,Small Utility Script
cache.py,Medium-Sized Script
test.py,Medium-Sized Script
filewrapper.py,Medium-Sized Script
ythumb.py,Medium-Sized Script
csvr.py,Medium-Sized Script
ansi_test.py,Medium-Sized Script
test_aws_uploader.py,Medium-Sized Script
serialize.py,Medium-Sized Script
download.py,Medium-Sized Script
file_cache.py,Medium-Sized Script
sort.py,Medium-Sized Script
aws_uploader.py,Medium-Sized Script
inspect.py,Medium-Sized Script
trek3.py,Medium-Sized Script
imgmp4.py,Medium-Sized Script
listcsv.py,Small Utility Script
before_sleep.py,Medium-Sized Script
pics.py,Medium-Sized Script
vids.py,Medium-Sized Script
vision.py,Medium-Sized Script
charsetgroupprober.py,Medium-Sized Script
tag.py,Medium-Sized Script
youtube2.py,Medium-Sized Script
text.py,Medium-Sized Script
gallery_logic.py,Medium-Sized Script
models.py,Medium-Sized Script
mbcharsetprober.py,Medium-Sized Script
markers.py,Medium-Sized Script
tag.py,Medium-Sized Script
format_control.py,Medium-Sized Script
csvmerge.py,Medium-Sized Script
self_outdated_check.py,Medium-Sized Script
quiz-tts.py,Medium-Sized Script
Quiz22sec.py,Medium-Sized Script
candidate.py,Small Utility Script
main.py,Medium-Sized Script
egg_link.py,Medium-Sized Script
exceptions.py,Medium-Sized Script
check.py,Medium-Sized Script
vision.py,Medium-Sized Script
hashes.py,Medium-Sized Script
x_user_defined.py,Medium-Sized Script
test_gallery_build.py,Medium-Sized Script
batch_upload.py,Medium-Sized Script
textgenerator.py,Small Utility Script
Mp3toMp4ximg.py,Medium-Sized Script
myinfo.py,Small Utility Script
curl.py,Medium-Sized Script
textgenerator.py,Small Utility Script
quiz-time.py,Medium-Sized Script
cp949prober.py,Medium-Sized Script
trek 3.py,Medium-Sized Script
test_gallery_upload.py,Medium-Sized Script
speak.py,Medium-Sized Script
csv-download.py,Small Utility Script
scan_images.py,Small Utility Script
actions.py,Medium-Sized Script
main.py,Small Utility Script
pyproject.py,Medium-Sized Script
ythumb copy.py,Medium-Sized Script
intranges.py,Medium-Sized Script
debug.py,Medium-Sized Script
base_gallery_logic.py,Medium-Sized Script
hash.py,Medium-Sized Script
ansi.py,Medium-Sized Script
gallery_init.py,Medium-Sized Script
entrypoints.py,Medium-Sized Script
trek 2.py,Medium-Sized Script
CreateVideo.py,Medium-Sized Script
csvmerge.py,Medium-Sized Script
cleanupd.py,Medium-Sized Script
cover2.py,Medium-Sized Script
sphinxext.py,Medium-Sized Script
virtualenv.py,Medium-Sized Script
category.py,Medium-Sized Script
audio.py,Medium-Sized Script
quiz-time.py,Medium-Sized Script
freeze.py,Medium-Sized Script
convert.py,Medium-Sized Script
deprecation.py,Medium-Sized Script
tests.py,Medium-Sized Script
check-python.py,Medium-Sized Script
mp3.py,Medium-Sized Script
winterm.py,Medium-Sized Script
compatibility_tags.py,Medium-Sized Script
test_gallery_build.py,Medium-Sized Script
organize.py,Medium-Sized Script
index.py,Medium-Sized Script
package_data.py,Small Utility Script
isatty_test.py,Medium-Sized Script
escprober.py,Medium-Sized Script
mywork.py,Medium-Sized Script
quiz-tts.py,Medium-Sized Script
listcsv.py,Small Utility Script
speak.py,Medium-Sized Script
cache.py,Medium-Sized Script
eucjpprober.py,Medium-Sized Script
YTdownloadthumb.py,Medium-Sized Script
utils.py,Medium-Sized Script
mywork.py,Medium-Sized Script
metadata.py,Medium-Sized Script
test.py,Medium-Sized Script
aws_uploader.py,Medium-Sized Script
config.py,Small Utility Script
test_onedrive_gallery_logic.py,Medium-Sized Script
speek.py,Small Utility Script
img.py,Medium-Sized Script
spinners.py,Medium-Sized Script
move.py,Small Utility Script
div.py,Medium-Sized Script
appdirs.py,Medium-Sized Script
curld.py,Medium-Sized Script
onedrive_gallery_logic.py,Medium-Sized Script
pangomarkup.py,Medium-Sized Script
show.py,Medium-Sized Script
cover2.py,Medium-Sized Script
search.py,Medium-Sized Script
gallery_logic.py,Medium-Sized Script
check.py,Medium-Sized Script
filesystem.py,Medium-Sized Script
mp3_colab.py,Medium-Sized Script
config.py,Small Utility Script
autofix.py,Medium-Sized Script
requirements.py,Medium-Sized Script
google_gallery_logic.py,Medium-Sized Script
uploader_factory.py,Small Utility Script
uploader_factory.py,Small Utility Script
trek.py,Medium-Sized Script
main 2.py,Small Utility Script
pydescribe.py,Medium-Sized Script
test_aws_uploader.py,Medium-Sized Script
GenerateTexts.py,Small Utility Script
pyorganize.py,Medium-Sized Script
xmlrpc.py,Medium-Sized Script
utils.py,Medium-Sized Script
build_tracker.py,Medium-Sized Script
idt.py,Medium-Sized Script
test_gallery_init.py,Medium-Sized Script
datetime.py,Small Utility Script
sdist.py,Medium-Sized Script
help.py,Medium-Sized Script
txt-csv.py,Medium-Sized Script
macromanprober.py,Medium-Sized Script
idt.py,Medium-Sized Script
ythumb.py,Medium-Sized Script
requirements.py,Medium-Sized Script
backup_installations.py,Medium-Sized Script
trek3.py,Medium-Sized Script
mp3_to_mp4.py,Small Utility Script
cleanups.py,Medium-Sized Script
curld.py,Medium-Sized Script
toc-merge.py,Medium-Sized Script
test_netlify_uploader.py,Medium-Sized Script
gback.py,Small Utility Script
docs.py,Medium-Sized Script
audio.py,Medium-Sized Script
tag.py,Medium-Sized Script
category.py,Medium-Sized Script
johabprober.py,Medium-Sized Script
autofix.py,Medium-Sized Script
utils.py,Medium-Sized Script
direct_url_helpers.py,Medium-Sized Script
trek 2.py,Medium-Sized Script
finaltry.py,Medium-Sized Script
y.py,Small Utility Script
motion-upload.py,Medium-Sized Script
config.py,Small Utility Script
euctwprober.py,Medium-Sized Script
finaltry.py,Medium-Sized Script
codec.py,Medium-Sized Script
base_command.py,Medium-Sized Script
style.py,Medium-Sized Script
selection_prefs.py,Medium-Sized Script
tocpdf.py,Small Utility Script
y.py,Small Utility Script
batch_upload.py,Medium-Sized Script
leoimg.py,Medium-Sized Script
sources.py,Medium-Sized Script
media.py,Medium-Sized Script
impo.py,Medium-Sized Script
contacts.py,Medium-Sized Script
gallery_upload.py,Medium-Sized Script
media.py,Medium-Sized Script
__init__.py,Small Utility Script
gallery_init.py,Medium-Sized Script
common.py,Small Utility Script
gallery_build.py,Medium-Sized Script
__init__.py,Small Utility Script
test_gallery_init.py,Medium-Sized Script
test_gallery_upload.py,Medium-Sized Script
test_gallery_build.py,Medium-Sized Script
helpers.py,Medium-Sized Script
__init__.py,Small Utility Script
test_gallery_logic.py,Medium-Sized Script
test_google_gallery_logic.py,Medium-Sized Script
test_onedrive_gallery_logic.py,Medium-Sized Script
__init__.py,Small Utility Script
test_file_gallery_logic.py,Medium-Sized Script
test_uploader_factory.py,Small Utility Script
__init__.py,Small Utility Script
__init__.py,Small Utility Script
test_aws_uploader.py,Medium-Sized Script
test_netlify_uploader.py,Medium-Sized Script
base_gallery_logic.py,Medium-Sized Script
__init__.py,Small Utility Script
gallery_logic.py,Medium-Sized Script
__init__.py,Small Utility Script
google_gallery_logic.py,Medium-Sized Script
onedrive_gallery_logic.py,Medium-Sized Script
files_gallery_logic.py,Medium-Sized Script
base_uploader.py,Small Utility Script
__init__.py,Small Utility Script
uploader_factory.py,Small Utility Script
netlify_uploader.py,Medium-Sized Script
__init__.py,Small Utility Script
aws_uploader.py,Medium-Sized Script
config.py,Small Utility Script
batch-info.py,Medium-Sized Script
organize.py,Medium-Sized Script
docs.py,Medium-Sized Script
other.py,Medium-Sized Script
img.py,Medium-Sized Script
vids.py,Medium-Sized Script
audio.py,Medium-Sized Script
config.py,Small Utility Script
organize.py,Medium-Sized Script
docs.py,Medium-Sized Script
other.py,Medium-Sized Script
img.py,Medium-Sized Script
vids.py,Medium-Sized Script
audio.py,Medium-Sized Script
imgmove.py,Medium-Sized Script
quiz-tts.py,Medium-Sized Script
youtube.py,Medium-Sized Script
organize.py,Medium-Sized Script
duplicate-appscript.py,Medium-Sized Script
img.py,Medium-Sized Script
img2pdf.py,Medium-Sized Script
move-date.py,Small Utility Script
xlsx.py,Medium-Sized Script
speech.py,Medium-Sized Script
google_auth_httplib2.py,Medium-Sized Script
_nope.py,Medium-Sized Script
__init__.py,Small Utility Script
_dummy.py,Small Utility Script
error.py,Medium-Sized Script
__init__.py,Small Utility Script
debug.py,Medium-Sized Script
octets.py,Medium-Sized Script
__init__.py,Small Utility Script
integer.py,Medium-Sized Script
__init__.py,Small Utility Script
streaming.py,Medium-Sized Script
decoder.py,Medium-Sized Script
__init__.py,Small Utility Script
encoder.py,Medium-Sized Script
decoder.py,Medium-Sized Script
__init__.py,Small Utility Script
_native.py,Medium-Sized Script
version.py,Small Utility Script
channel.py,Unknown Category
__init__.py,Small Utility Script
sample_tools.py,Medium-Sized Script
errors.py,Medium-Sized Script
mimeparse.py,Medium-Sized Script
_auth.py,Medium-Sized Script
_helpers.py,Medium-Sized Script
file_cache.py,Medium-Sized Script
__init__.py,Medium-Sized Script
appengine_memcache.py,Medium-Sized Script
base.py,Medium-Sized Script
__init__.py,Small Utility Script
interactive.py,Medium-Sized Script
helpers.py,Medium-Sized Script
__init__.py,Small Utility Script
__main__.py,Medium-Sized Script
__init__.py,Small Utility Script
oauth2_auth.py,Medium-Sized Script
oauth1_auth.py,Medium-Sized Script
mailchimp.py,Small Utility Script
fitbit.py,Small Utility Script
plentymarkets.py,Small Utility Script
douban.py,Small Utility Script
ebay.py,Small Utility Script
__init__.py,Small Utility Script
facebook.py,Small Utility Script
weibo.py,Small Utility Script
instagram.py,Small Utility Script
slack.py,Medium-Sized Script
__init__.py,Small Utility Script
backcall.py,Medium-Sized Script
pulldom.py,Medium-Sized Script
expatbuilder.py,Medium-Sized Script
xmlrpc.py,Medium-Sized Script
cElementTree.py,Medium-Sized Script
sax.py,Medium-Sized Script
__init__.py,Medium-Sized Script
lxml.py,Medium-Sized Script
common.py,Medium-Sized Script
minidom.py,Medium-Sized Script
expatreader.py,Medium-Sized Script
ElementTree.py,Medium-Sized Script
convert.py,Small Utility Script
rwbase.py,Medium-Sized Script
__init__.py,Small Utility Script
nbbase.py,Medium-Sized Script
nbjson.py,Medium-Sized Script
__init__.py,Small Utility Script
words.py,Small Utility Script
test_words.py,Small Utility Script
__init__.py,Small Utility Script
convert.py,Medium-Sized Script
rwbase.py,Medium-Sized Script
__init__.py,Medium-Sized Script
nbbase.py,Medium-Sized Script
nbjson.py,Medium-Sized Script
nbpy.py,Medium-Sized Script
nbxml.py,Small Utility Script
_base.py,Medium-Sized Script
toc.py,Medium-Sized Script
_rst.py,Medium-Sized Script
admonition.py,Medium-Sized Script
__init__.py,Small Utility Script
include.py,Medium-Sized Script
_fenced.py,Medium-Sized Script
image.py,Medium-Sized Script
html.py,Medium-Sized Script
__init__.py,Small Utility Script
markdown.py,Medium-Sized Script
_list.py,Medium-Sized Script
rst.py,Medium-Sized Script
task_lists.py,Medium-Sized Script
abbr.py,Medium-Sized Script
spoiler.py,Medium-Sized Script
__init__.py,Medium-Sized Script
ruby.py,Medium-Sized Script
formatting.py,Medium-Sized Script
url.py,Small Utility Script
table.py,Medium-Sized Script
math.py,Medium-Sized Script
footnotes.py,Medium-Sized Script
speedup.py,Medium-Sized Script
def_list.py,Medium-Sized Script
setters.py,Small Utility Script
validators.py,Small Utility Script
__init__.py,Small Utility Script
exceptions.py,Small Utility Script
converters.py,Small Utility Script
filters.py,Small Utility Script
signals.py,Medium-Sized Script
__init__.py,Small Utility Script
uri_validate.py,Medium-Sized Script
__init__.py,Medium-Sized Script
__init__.py,Small Utility Script
device.py,Medium-Sized Script
__init__.py,Small Utility Script
__init__.py,Small Utility Script
__init__.py,Small Utility Script
__init__.py,Small Utility Script
tokens.py,Medium-Sized Script
exceptions.py,Medium-Sized Script
__init__.py,Small Utility Script
userinfo.py,Medium-Sized Script
pre_configured.py,Medium-Sized Script
dispatchers.py,Medium-Sized Script
hybrid.py,Medium-Sized Script
__init__.py,Small Utility Script
implicit.py,Medium-Sized Script
refresh_token.py,Medium-Sized Script
authorization_code.py,Medium-Sized Script
__init__.py,Small Utility Script
__init__.py,Small Utility Script
inject_meta_charset.py,Medium-Sized Script
__init__.py,Small Utility Script
base.py,Small Utility Script
alphabeticalattributes.py,Small Utility Script
lint.py,Medium-Sized Script
whitespace.py,Medium-Sized Script
etree_lxml.py,Medium-Sized Script
__init__.py,Medium-Sized Script
etree.py,Medium-Sized Script
genshi.py,Medium-Sized Script
dom.py,Medium-Sized Script
_base.py,Small Utility Script
__init__.py,Small Utility Script
py.py,Medium-Sized Script
sax.py,Medium-Sized Script
__init__.py,Small Utility Script
genshi.py,Medium-Sized Script
sas.py,Medium-Sized Script
material.py,Medium-Sized Script
friendly_grayscale.py,Medium-Sized Script
pastie.py,Medium-Sized Script
onedark.py,Medium-Sized Script
inkpot.py,Medium-Sized Script
xcode.py,Medium-Sized Script
gruvbox.py,Medium-Sized Script
monokai.py,Medium-Sized Script
friendly.py,Medium-Sized Script
staroffice.py,Small Utility Script
paraiso_dark.py,Medium-Sized Script
solarized.py,Medium-Sized Script
__init__.py,Medium-Sized Script
algol_nu.py,Medium-Sized Script
gh_dark.py,Medium-Sized Script
native.py,Medium-Sized Script
colorful.py,Medium-Sized Script
lilypond.py,Medium-Sized Script
igor.py,Small Utility Script
zenburn.py,Medium-Sized Script
bw.py,Medium-Sized Script
emacs.py,Medium-Sized Script
dracula.py,Medium-Sized Script
vs.py,Small Utility Script
default.py,Medium-Sized Script
paraiso_light.py,Medium-Sized Script
lovelace.py,Medium-Sized Script
stata_dark.py,Medium-Sized Script
vim.py,Medium-Sized Script
borland.py,Medium-Sized Script
_mapping.py,Medium-Sized Script
murphy.py,Medium-Sized Script
lightbulb.py,Medium-Sized Script
fruity.py,Medium-Sized Script
abap.py,Small Utility Script
rainbow_dash.py,Medium-Sized Script
manni.py,Medium-Sized Script
autumn.py,Medium-Sized Script
rrt.py,Small Utility Script
perldoc.py,Medium-Sized Script
trac.py,Medium-Sized Script
algol.py,Medium-Sized Script
arduino.py,Medium-Sized Script
nord.py,Medium-Sized Script
stata_light.py,Medium-Sized Script
version.py,Small Utility Script
__init__.py,Small Utility Script
utils.py,Medium-Sized Script
my_getattr_static.py,Medium-Sized Script
datetime_helpers.py,Medium-Sized Script
enums.py,Medium-Sized Script
version.py,Small Utility Script
fields.py,Medium-Sized Script
primitives.py,Small Utility Script
__init__.py,Medium-Sized Script
utils.py,Medium-Sized Script
_file_info.py,Medium-Sized Script
_package_info.py,Medium-Sized Script
modules.py,Medium-Sized Script
marshal.py,Unknown Category
compat.py,Medium-Sized Script
__init__.py,Small Utility Script
enums.py,Medium-Sized Script
__init__.py,Small Utility Script
message.py,Medium-Sized Script
wrappers.py,Medium-Sized Script
field_mask.py,Medium-Sized Script
dates.py,Medium-Sized Script
bytes.py,Medium-Sized Script
struct.py,Medium-Sized Script
stringy_numbers.py,Medium-Sized Script
maps.py,Medium-Sized Script
__init__.py,Small Utility Script
repeated.py,Medium-Sized Script
__init__.py,Small Utility Script
serializing.py,Medium-Sized Script
version.py,Small Utility Script
__init__.py,Small Utility Script
utils.py,Medium-Sized Script
conftest.py,Medium-Sized Script
paths.py,Medium-Sized Script
__init__.py,Medium-Sized Script
display.py,Medium-Sized Script
consoleapp.py,Small Utility Script
__main__.py,Small Utility Script
daft_extension.py,Small Utility Script
__init__.py,Small Utility Script
custom_doctests.py,Medium-Sized Script
ipython_console_highlighting.py,Small Utility Script
glut.py,Medium-Sized Script
gtk.py,Medium-Sized Script
gtk3.py,Small Utility Script
asyncio.py,Medium-Sized Script
qt.py,Medium-Sized Script
__init__.py,Medium-Sized Script
tk.py,Medium-Sized Script
gtk4.py,Small Utility Script
pyglet.py,Medium-Sized Script
osx.py,Medium-Sized Script
test_pt_inputhooks.py,Medium-Sized Script
test_debug_magic.py,Medium-Sized Script
__init__.py,Small Utility Script
test_embed.py,Medium-Sized Script
test_help.py,Small Utility Script
test_pycolorize.py,Medium-Sized Script
test_decorators.py,Small Utility Script
test_tempdir.py,Medium-Sized Script
test_importstring.py,Medium-Sized Script
test_imports.py,Small Utility Script
__init__.py,Small Utility Script
test_dir2.py,Medium-Sized Script
test_io.py,Medium-Sized Script
test_deprecated.py,Small Utility Script
test_process.py,Medium-Sized Script
test_sysinfo.py,Small Utility Script
test_tokenutil.py,Medium-Sized Script
test_openpy.py,Medium-Sized Script
test_capture.py,Medium-Sized Script
test_module_paths.py,Medium-Sized Script
test_shimmodule.py,Small Utility Script
test_wildcard.py,Medium-Sized Script
__init__.py,Small Utility Script
__init__.py,Small Utility Script
test_storemagic.py,Medium-Sized Script
skipdoctest.py,Small Utility Script
__init__.py,Small Utility Script
globalipapp.py,Medium-Sized Script
ipunittest.py,Medium-Sized Script
decorators.py,Medium-Sized Script
test_ipunittest.py,Medium-Sized Script
test_decorators.py,Medium-Sized Script
__init__.py,Small Utility Script
test_tools.py,Medium-Sized Script
test_ipdoctest.py,Medium-Sized Script
dtexample.py,Medium-Sized Script
__init__.py,Small Utility Script
test_refs.py,Small Utility Script
setup.py,Small Utility Script
simplevars.py,Small Utility Script
simple.py,Small Utility Script
__init__.py,Small Utility Script
qt_for_kernel.py,Medium-Sized Script
test_qt_loaders.py,Small Utility Script
__init__.py,Small Utility Script
client.py,Medium-Sized Script
__init__.py,Small Utility Script
client.py,Medium-Sized Script
__init__.py,Small Utility Script
__init__.py,Small Utility Script
forward.py,Medium-Sized Script
__init__.py,Small Utility Script
restarter.py,Medium-Sized Script
manager.py,Medium-Sized Script
__init__.py,Small Utility Script
gapic_metadata_pb2.py,Medium-Sized Script
es256.py,Medium-Sized Script
_python_rsa.py,Medium-Sized Script
rsa.py,Medium-Sized Script
__init__.py,Medium-Sized Script
_cryptography_rsa.py,Medium-Sized Script
base.py,Medium-Sized Script
_helpers.py,Small Utility Script
operations_pb2_grpc.py,Unknown Category
operations_pb2.py,Medium-Sized Script
operations_grpc.py,Small Utility Script
month_pb2.py,Medium-Sized Script
quaternion_pb2.py,Medium-Sized Script
latlng_pb2.py,Medium-Sized Script
timeofday_pb2.py,Medium-Sized Script
money_pb2.py,Medium-Sized Script
fraction_pb2.py,Medium-Sized Script
interval_pb2.py,Medium-Sized Script
phone_number_pb2.py,Medium-Sized Script
postal_address_pb2.py,Medium-Sized Script
dayofweek_pb2.py,Medium-Sized Script
localized_text_pb2.py,Medium-Sized Script
calendar_period_pb2.py,Medium-Sized Script
datetime_pb2.py,Medium-Sized Script
date_pb2.py,Medium-Sized Script
expr_pb2.py,Medium-Sized Script
decimal_pb2.py,Medium-Sized Script
color_pb2.py,Medium-Sized Script
extended_operations_pb2.py,Medium-Sized Script
locations_pb2.py,Medium-Sized Script
source_info_pb2.py,Medium-Sized Script
launch_stage_pb2.py,Medium-Sized Script
context_pb2.py,Medium-Sized Script
quota_pb2.py,Medium-Sized Script
endpoint_pb2.py,Medium-Sized Script
consumer_pb2.py,Medium-Sized Script
service_pb2.py,Medium-Sized Script
distribution_pb2.py,Medium-Sized Script
annotations_pb2.py,Medium-Sized Script
http_pb2.py,Medium-Sized Script
field_info_pb2.py,Medium-Sized Script
field_behavior_pb2.py,Medium-Sized Script
httpbody_pb2.py,Medium-Sized Script
routing_pb2.py,Medium-Sized Script
log_pb2.py,Medium-Sized Script
visibility_pb2.py,Medium-Sized Script
error_reason_pb2.py,Medium-Sized Script
backend_pb2.py,Medium-Sized Script
monitoring_pb2.py,Medium-Sized Script
system_parameter_pb2.py,Medium-Sized Script
usage_pb2.py,Medium-Sized Script
config_change_pb2.py,Medium-Sized Script
label_pb2.py,Medium-Sized Script
billing_pb2.py,Medium-Sized Script
logging_pb2.py,Medium-Sized Script
policy_pb2.py,Medium-Sized Script
resource_pb2.py,Medium-Sized Script
control_pb2.py,Medium-Sized Script
auth_pb2.py,Medium-Sized Script
monitored_resource_pb2.py,Medium-Sized Script
documentation_pb2.py,Medium-Sized Script
metric_pb2.py,Medium-Sized Script
status_pb2.py,Medium-Sized Script
http_pb2.py,Medium-Sized Script
code_pb2.py,Medium-Sized Script
audit_context_pb2.py,Medium-Sized Script
extended_operation.py,Medium-Sized Script
rest_helpers.py,Medium-Sized Script
datetime_helpers.py,Medium-Sized Script
version.py,Small Utility Script
page_iterator.py,Unknown Category
iam.py,Unknown Category
rest_streaming.py,Medium-Sized Script
client_info.py,Medium-Sized Script
timeout.py,Medium-Sized Script
__init__.py,Small Utility Script
retry_async.py,Medium-Sized Script
operation.py,Unknown Category
operation_async.py,Medium-Sized Script
universe.py,Medium-Sized Script
client_options.py,Medium-Sized Script
protobuf_helpers.py,Unknown Category
bidi.py,Unknown Category
general_helpers.py,Small Utility Script
__init__.py,Medium-Sized Script
operations_client_config.py,Medium-Sized Script
pagers.py,Medium-Sized Script
rest.py,Unknown Category
__init__.py,Small Utility Script
base.py,Medium-Sized Script
retry_unary_async.py,Medium-Sized Script
__init__.py,Medium-Sized Script
retry_unary.py,Unknown Category
retry_base.py,Unknown Category
retry_streaming_async.py,Unknown Category
config.py,Medium-Sized Script
client_info.py,Medium-Sized Script
__init__.py,Small Utility Script
method.py,Medium-Sized Script
config_async.py,Medium-Sized Script
routing_header.py,Medium-Sized Script
method_async.py,Medium-Sized Script
async_future.py,Medium-Sized Script
__init__.py,Small Utility Script
polling.py,Unknown Category
base.py,Medium-Sized Script
_helpers.py,Medium-Sized Script
http_request_pb2.py,Medium-Sized Script
log_severity_pb2.py,Medium-Sized Script
service.py,Medium-Sized Script
json_format.py,Unknown Category
unknown_fields.py,Medium-Sized Script
text_format.py,Unknown Category
text_encoding.py,Medium-Sized Script
proto_builder.py,Medium-Sized Script
wrappers_pb2.py,Medium-Sized Script
descriptor_pb2.py,Unknown Category
symbol_database.py,Medium-Sized Script
reflection.py,Medium-Sized Script
field_mask_pb2.py,Medium-Sized Script
message_factory.py,Medium-Sized Script
__init__.py,Small Utility Script
empty_pb2.py,Medium-Sized Script
api_pb2.py,Medium-Sized Script
source_context_pb2.py,Medium-Sized Script
any_pb2.py,Medium-Sized Script
duration_pb2.py,Medium-Sized Script
struct_pb2.py,Medium-Sized Script
descriptor_database.py,Medium-Sized Script
type_pb2.py,Medium-Sized Script
descriptor_pool.py,Unknown Category
timestamp_pb2.py,Medium-Sized Script
__init__.py,Small Utility Script
__init__.py,Small Utility Script
well_known_types.py,Unknown Category
api_implementation.py,Medium-Sized Script
__init__.py,Small Utility Script
builder.py,Medium-Sized Script
python_message.py,Unknown Category
__init__.py,Small Utility Script
cpp_message.py,Medium-Sized Script
plugin_pb2.py,Medium-Sized Script
__init__.py,Small Utility Script
__init__.py,Small Utility Script
retrieval.py,Medium-Sized Script
_attrs.py,Small Utility Script
exceptions.py,Medium-Sized Script
typing.py,Medium-Sized Script
test_retrieval.py,Medium-Sized Script
test_exceptions.py,Small Utility Script
__init__.py,Small Utility Script
test_referencing_suite.py,Medium-Sized Script
__init__.py,Small Utility Script
cache.py,Medium-Sized Script
__init__.py,Medium-Sized Script
common.py,Small Utility Script
utils.py,Medium-Sized Script
debug.py,Medium-Sized Script
settings.py,Medium-Sized Script
file_io.py,Medium-Sized Script
_compatibility.py,Small Utility Script
__main__.py,Medium-Sized Script
test_release.py,Medium-Sized Script
test_package.py,Medium-Sized Script
test_exceptions.py,Small Utility Script
__init__.py,Small Utility Script
test_client.py,Small Utility Script
release.py,Medium-Sized Script
client.py,Medium-Sized Script
__init__.py,Medium-Sized Script
exceptions.py,Medium-Sized Script
parse.py,Medium-Sized Script
keys.py,Medium-Sized Script
func.py,Medium-Sized Script
_version.py,Small Utility Script
util.py,Small Utility Script
jsonutil.py,Medium-Sized Script
__init__.py,Small Utility Script
exceptions.py,Medium-Sized Script
output_widget.py,Medium-Sized Script
_version.py,Small Utility Script
__init__.py,Small Utility Script
__init__.py,Small Utility Script
__init__.py,Small Utility Script
__pip-runner__.py,Medium-Sized Script
__main__.py,Small Utility Script
selection_prefs.py,Medium-Sized Script
index.py,Medium-Sized Script
target_python.py,Medium-Sized Script
__init__.py,Small Utility Script
search_scope.py,Medium-Sized Script
candidate.py,Small Utility Script
format_control.py,Medium-Sized Script
installation_report.py,Medium-Sized Script
scheme.py,Small Utility Script
wheel.py,Medium-Sized Script
__init__.py,Small Utility Script
editable_legacy.py,Medium-Sized Script
__init__.py,Small Utility Script
wheel_legacy.py,Medium-Sized Script
metadata.py,Medium-Sized Script
metadata_editable.py,Medium-Sized Script
wheel_editable.py,Medium-Sized Script
__init__.py,Small Utility Script
metadata_legacy.py,Medium-Sized Script
wheel.py,Medium-Sized Script
build_tracker.py,Medium-Sized Script
__init__.py,Small Utility Script
base.py,Small Utility Script
__init__.py,Small Utility Script
_distutils.py,Medium-Sized Script
base.py,Medium-Sized Script
_json.py,Medium-Sized Script
__init__.py,Medium-Sized Script
__init__.py,Small Utility Script
sdist.py,Medium-Sized Script
installed.py,Small Utility Script
base.py,Medium-Sized Script
wheel.py,Medium-Sized Script
__init__.py,Medium-Sized Script
exceptions.py,Medium-Sized Script
ext.py,Medium-Sized Script
__init__.py,Small Utility Script
chardetect.py,Medium-Sized Script
__init__.py,Small Utility Script
__init__.py,Medium-Sized Script
__init__.py,Small Utility Script
__main__.py,Small Utility Script
__init__.py,Small Utility Script
win32.py,Medium-Sized Script
ansi.py,Medium-Sized Script
initialise.py,Medium-Sized Script
isatty_test.py,Medium-Sized Script
initialise_test.py,Medium-Sized Script
__init__.py,Small Utility Script
ansi_test.py,Medium-Sized Script
utils.py,Medium-Sized Script
winterm_test.py,Medium-Sized Script
wrapper.py,Medium-Sized Script
filewrapper.py,Medium-Sized Script
heuristics.py,Medium-Sized Script
adapter.py,Medium-Sized Script
cache.py,Medium-Sized Script
__init__.py,Small Utility Script
_cmd.py,Medium-Sized Script
file_cache.py,Medium-Sized Script
__init__.py,Small Utility Script
redis_cache.py,Medium-Sized Script
_types.py,Small Utility Script
__init__.py,Small Utility Script
_re.py,Medium-Sized Script
__init__.py,Small Utility Script
core.py,Medium-Sized Script
__main__.py,Small Utility Script
__init__.py,Small Utility Script
_compat.py,Small Utility Script
__init__.py,Small Utility Script
__init__.py,Small Utility Script
__init__.py,Small Utility Script
makefile.py,Medium-Sized Script
weakref_finalize.py,Medium-Sized Script
__init__.py,Small Utility Script
providers.py,Medium-Sized Script
structs.py,Medium-Sized Script
reporters.py,Medium-Sized Script
__init__.py,Small Utility Script
collections_abc.py,Small Utility Script
__init__.py,Small Utility Script
caresresolver.py,Medium-Sized Script
twisted.py,Medium-Sized Script
__init__.py,Small Utility Script
core.py,Medium-Sized Script
__main__.py,Small Utility Script
__init__.py,Medium-Sized Script
cli.py,Medium-Sized Script
utils.py,Small Utility Script
base.py,Medium-Sized Script
__init__.py,Small Utility Script
base.py,Medium-Sized Script
deduplicate.py,Medium-Sized Script
filesystem.py,Medium-Sized Script
__init__.py,Small Utility Script
word_completer.py,Medium-Sized Script
nested.py,Medium-Sized Script
__init__.py,Small Utility Script
system.py,Medium-Sized Script
__init__.py,Small Utility Script
completion.py,Medium-Sized Script
__init__.py,Medium-Sized Script
lexer.py,Medium-Sized Script
validation.py,Medium-Sized Script
server.py,Medium-Sized Script
__init__.py,Small Utility Script
log.py,Small Utility Script
protocol.py,Medium-Sized Script
__init__.py,Small Utility Script
__init__.py,Small Utility Script
pygments.py,Small Utility Script
html.py,Medium-Sized Script
__init__.py,Medium-Sized Script
utils.py,Medium-Sized Script
base.py,Medium-Sized Script
__init__.py,Small Utility Script
win32.py,Medium-Sized Script
async_generator.py,Medium-Sized Script
utils.py,Medium-Sized Script
inputhook.py,Medium-Sized Script
run_in_terminal.py,Medium-Sized Script
__init__.py,Small Utility Script
current.py,Medium-Sized Script
dummy.py,Medium-Sized Script
pyperclip.py,Medium-Sized Script
__init__.py,Small Utility Script
base.py,Medium-Sized Script
in_memory.py,Medium-Sized Script
validator_creation.py,Small Utility Script
unused_registry.py,Small Utility Script
issue232.py,Small Utility Script
__init__.py,Small Utility Script
json_schema_test_suite.py,Small Utility Script
contains.py,Small Utility Script
subcomponents.py,Medium-Sized Script
nested_schemas.py,Medium-Sized Script
util.py,Medium-Sized Script
_fork_pty.py,Medium-Sized Script
__init__.py,Small Utility Script
readme_gen.py,Medium-Sized Script
__init__.py,Small Utility Script
conftest.py,Small Utility Script
_version.py,Small Utility Script
__init__.py,Medium-Sized Script
__main__.py,Small Utility Script
regexremove.py,Medium-Sized Script
clearmetadata.py,Medium-Sized Script
execute.py,Medium-Sized Script
csshtmlheader.py,Medium-Sized Script
extractoutput.py,Medium-Sized Script
__init__.py,Medium-Sized Script
extractattachments.py,Medium-Sized Script
coalescestreams.py,Medium-Sized Script
latex.py,Medium-Sized Script
highlightmagics.py,Medium-Sized Script
sanitize.py,Medium-Sized Script
tagremove.py,Medium-Sized Script
convertfigures.py,Medium-Sized Script
base.py,Medium-Sized Script
clearoutput.py,Small Utility Script
svg2pdf.py,Medium-Sized Script
files.py,Medium-Sized Script
__init__.py,Small Utility Script
debug.py,Medium-Sized Script
stdout.py,Small Utility Script
base.py,Medium-Sized Script
__init__.py,Small Utility Script
__init__.py,Small Utility Script
serve.py,Medium-Sized Script
base.py,Medium-Sized Script
version.py,Small Utility Script
iso639_1.py,Medium-Sized Script
pandoc.py,Medium-Sized Script
io.py,Medium-Sized Script
__init__.py,Small Utility Script
text.py,Medium-Sized Script
exceptions.py,Small Utility Script
_contextlib_chdir.py,Small Utility Script
base.py,Medium-Sized Script
lexers.py,Small Utility Script
__init__.py,Small Utility Script
_core.py,Medium-Sized Script
__init__.py,Small Utility Script
test_jsonschema_specifications.py,Medium-Sized Script
__init__.py,Small Utility Script
context.py,Medium-Sized Script
_meta.py,Medium-Sized Script
_text.py,Medium-Sized Script
_functools.py,Medium-Sized Script
_collections.py,Small Utility Script
_itertools.py,Medium-Sized Script
_adapters.py,Medium-Sized Script
_compat.py,Medium-Sized Script
__init__.py,Small Utility Script
readers.py,Medium-Sized Script
_common.py,Medium-Sized Script
__init__.py,Small Utility Script
_itertools.py,Small Utility Script
_adapters.py,Medium-Sized Script
_compat.py,Medium-Sized Script
_legacy.py,Medium-Sized Script
simple.py,Medium-Sized Script
abc.py,Medium-Sized Script
_types.py,Small Utility Script
__init__.py,Small Utility Script
_re.py,Medium-Sized Script
__init__.py,Medium-Sized Script
__init__.py,Small Utility Script
__init__.py,Small Utility Script
context.py,Medium-Sized Script
__init__.py,Small Utility Script
readers.py,Medium-Sized Script
_common.py,Medium-Sized Script
__init__.py,Small Utility Script
_itertools.py,Small Utility Script
_adapters.py,Medium-Sized Script
_compat.py,Medium-Sized Script
_legacy.py,Medium-Sized Script
simple.py,Medium-Sized Script
abc.py,Medium-Sized Script
__init__.py,Medium-Sized Script
__init__.py,Medium-Sized Script
override.py,Small Utility Script
__init__.py,Small Utility Script
grammar_parser.py,Medium-Sized Script
_version.py,Small Utility Script
log.py,Small Utility Script
__init__.py,Small Utility Script
test_traitlets.py,Medium-Sized Script
__init__.py,Small Utility Script
utils.py,Medium-Sized Script
bunch.py,Small Utility Script
getargspec.py,Medium-Sized Script
warnings.py,Medium-Sized Script
__init__.py,Medium-Sized Script
text.py,Medium-Sized Script
nested_update.py,Medium-Sized Script
importstring.py,Medium-Sized Script
sentinel.py,Small Utility Script
descriptions.py,Medium-Sized Script
decorators.py,Medium-Sized Script
_typing.py,Small Utility Script
error.py,Medium-Sized Script
asyncio.py,Medium-Sized Script
__init__.py,Medium-Sized Script
decorators.py,Medium-Sized Script
device.py,Small Utility Script
__init__.py,Medium-Sized Script
poll.py,Medium-Sized Script
__init__.py,Small Utility Script
ioloop.py,Small Utility Script
zmqstream.py,Small Utility Script
version.py,Medium-Sized Script
attrsettr.py,Medium-Sized Script
__init__.py,Small Utility Script
stopwatch.py,Small Utility Script
frame.py,Medium-Sized Script
tracker.py,Medium-Sized Script
poll.py,Medium-Sized Script
thread.py,Medium-Sized Script
certs.py,Medium-Sized Script
asyncio.py,Medium-Sized Script
__init__.py,Small Utility Script
ioloop.py,Medium-Sized Script
strtypes.py,Medium-Sized Script
monitor.py,Medium-Sized Script
__init__.py,Small Utility Script
win32.py,Medium-Sized Script
interop.py,Small Utility Script
jsonapi.py,Small Utility Script
z85.py,Medium-Sized Script
garbage.py,Medium-Sized Script
__init__.py,Small Utility Script
select.py,Small Utility Script
_poll.py,Medium-Sized Script
error.py,Small Utility Script
__init__.py,Small Utility Script
message.py,Medium-Sized Script
context.py,Medium-Sized Script
utils.py,Medium-Sized Script
devices.py,Medium-Sized Script
__init__.py,Small Utility Script
forward.py,Medium-Sized Script
_deprecated.py,Medium-Sized Script
__init__.py,Small Utility Script
ioloop.py,Small Utility Script
future.py,Medium-Sized Script
__init__.py,Small Utility Script
__main__.py,Medium-Sized Script
monitoredqueue.py,Small Utility Script
__init__.py,Small Utility Script
monitoredqueuedevice.py,Medium-Sized Script
proxydevice.py,Medium-Sized Script
proxysteerabledevice.py,Medium-Sized Script
__init__.py,Small Utility Script
orderedset.py,Medium-Sized Script
api.py,Medium-Sized Script
template.py,Medium-Sized Script
__init__.py,Medium-Sized Script
rebuild.py,Medium-Sized Script
__init__.py,Medium-Sized Script
CreateVideo.py,Medium-Sized Script
GenerateTexts.py,Small Utility Script
upload_video.py,Medium-Sized Script
audio.py,Small Utility Script
main.py,Small Utility Script
csv-output.py,Small Utility Script
txt-csv.py,Medium-Sized Script
config.py,Small Utility Script
organize.py,Medium-Sized Script
docs.py,Medium-Sized Script
other.py,Medium-Sized Script
copy.py,Medium-Sized Script
vids.py,Medium-Sized Script
audio.py,Medium-Sized Script
copy2.py,Medium-Sized Script
convert.py,Medium-Sized Script
gdrive.py,Medium-Sized Script
vance.py,Medium-Sized Script
mp3.py,Medium-Sized Script
upscale-.py,Medium-Sized Script
motion-upload.py,Medium-Sized Script
imgmp4.py,Medium-Sized Script
upscale 3.py,Medium-Sized Script
upscale.py,Medium-Sized Script
upscale copy.py,Medium-Sized Script
img2img.py,Medium-Sized Script
web-png-upscale.py,Medium-Sized Script
imgconvert.py,Medium-Sized Script
motion-upload copy.py,Medium-Sized Script
web-png-upscale copy.py,Medium-Sized Script
img-img-upscale.py,Medium-Sized Script
motion-upload 2.py,Medium-Sized Script
upscale3.py,Medium-Sized Script
scancsv.py,Small Utility Script
convert-loop2.py,Medium-Sized Script
upscale-.py,Medium-Sized Script
batch-info.py,Medium-Sized Script
upscale.py,Medium-Sized Script
leocsv.py,Medium-Sized Script
generate_songs_csv.py,Medium-Sized Script
upscaled.py,Medium-Sized Script
generate_songs_csv.py,Medium-Sized Script
transcribe_mp3.py,Medium-Sized Script
youtube.py,Medium-Sized Script
ytube.py,Medium-Sized Script
youtube2.py,Medium-Sized Script
create_video.py,Medium-Sized Script
transcribe.py,Small Utility Script
analyze.py,Medium-Sized Script
create_video.py,Medium-Sized Script
transcribe.py,Small Utility Script
analyze.py,Medium-Sized Script
mp4-trans.py,Medium-Sized Script
test.py,Medium-Sized Script
transcribe.py,Small Utility Script
analyze.py,Medium-Sized Script
