Filename,Categories
imgconvert_colab.py,general
autofixer.py,"data_processing, automation"
scan_images_individual.py,general
cleanups.py,automation
convert copy.py,general
quiz-.py,error
up-down-old.py,general
quiz-tts.py,data_processing
vance.py,"api, data_processing, automation"
trek 2.py,"api, data_processing"
gback.py,general
imgmp4 copy.py,general
over3.py,general
import.py,data_processing
mask.py,data_processing
process_csv.py,error
downs.py,"api, data_processing"
generate_speech 2.py,error
converts copy.py,general
upscale copy 2.py,general
vid.py,error
webpConvert.py,general
midj-.py,general
imove.py,data_processing
myinfo.py,api
batch copy.py,general
imgupscale 2.py,general
quiz.py,data_processing
CreateVideo.py,general
cover.py,api
speak.py,error
GenerateTexts.py,general
speek.py,general
txt-csv.py,data_processing
impo.py,general
15days.py,data_processing
gthumb.py,data_processing
169-11.py,general
curl.py,"data_processing, automation"
contacts.py,general
mp3.py,automation
orn-up.py,general
loop-upscale copy.py,"api, automation"
config.py,general
img-img-upscale copy.py,general
convertupscale.py,general
categorygpt.py,general
batch_upload.py,general
breakdown.py,general
get-pip.py,general
check.py,automation
csvmerge.py,data_processing
convert-loop2.py,error
pdf-merge.py,general
upscale-.py,general
quiz-talk.py,"api, data_processing"
batch-info.py,api
pythoncat.py,general
upload.py,error
Quiz-txt2speech.py,"api, data_processing"
analyze-prompt.py,"api, automation"
trek 3.py,"api, data_processing"
vision.py,data_processing
ytcsv.py,data_processing
div.py,data_processing
idt.py,data_processing
youtube_analytics.py,data_processing
organize.py,data_processing
finaltry.py,"api, data_processing"
goapi.py,error
convert-loop.py,error
mywork.py,"api, data_processing"
removebg.py,"api, automation"
motion-upload.py,"api, automation"
y.py,general
trek.py,"api, data_processing"
imgmp4.py,general
categories.py,data_processing
csv-download.py,"api, data_processing"
riddle.py,"api, data_processing"
yt-thumbnail-dl.py,"api, data_processing"
upcreatmod.py,"api, data_processing"
sort.py,data_processing
upscale-dl.py,error
upscale-dl 2.py,"api, automation"
scan_images.py,general
upscale 3.py,general
img-img.py,general
analyze-prompts.py,"api, automation"
curld.py,"data_processing, automation"
ythumb.py,"api, data_processing"
mp3_colab.py,automation
up-down.py,general
convert.py,general
batch.py,api
listcsv.py,data_processing
removebg copy.py,"api, automation"
remove.py,general
universe4 2.py,"api, automation"
2025-vid.py,data_processing
upscale.py,general
upscale copy.py,general
pydoc.py,automation
docs.py,data_processing
cleanupd.py,automation
mp4-mp4.py,general
other.py,data_processing
Whisper-Quiz-Voice.py,error
upscale-sub.py,general
archives.py,general
dthumb.py,"api, data_processing"
img2img.py,general
docgen.py,"api, data_processing, automation"
test.py,data_processing
etsycsv.py,data_processing
quiz-text-speech.py,"api, data_processing"
main 2.py,error
trek3.py,"api, data_processing"
upscale 2.py,"api, automation"
img.py,data_processing
web-png-upscale.py,general
fancyimg copy.py,data_processing
pics.py,data_processing
csvr.py,"api, data_processing"
upscalecreateimages.py,"api, data_processing"
imgupscale.py,general
create_video.py,general
YTubeDLthumbs.py,"api, data_processing"
300dpi.py,general
loop-upscale.py,"api, automation"
vids.py,data_processing
ident.py,"api, data_processing"
mp3_to_mp4.py,general
ytube.py,data_processing
fdupes.py,data_processing
gpt-all.py,"api, data_processing"
mp3-mp4-coverimg.py,general
imgconvert copy.py,general
YTdownloadthumb.py,"api, data_processing"
universe4.py,"api, automation"
sort copy.py,general
pdf2img.py,general
test copy.py,error
generate_speech.py,error
sort2.py,general
merge_markdown.py,general
text.py,general
dthumb2.py,"api, data_processing"
upscaleuploadimages.py,"api, data_processing"
imgconvert.py,general
move.py,automation
midj.py,general
cover2.py,api
converts.py,general
pydoc-analyze.py,"api, automation"
1500-cutout-orn-process.py,data_processing
youtube2.py,data_processing
audio.py,data_processing
upscale 2 copy.py,"api, automation"
motion-upload copy.py,"api, automation"
motion-upload 3.py,"api, automation"
errors.py,general
magickbg.py,automation
idt copy.py,data_processing
copy_my.py,data_processing
web-png-upscale copy.py,general
upscale2.py,general
audiototext.py,error
fancyimg.py,"api, data_processing"
Quiz22sec.py,"api, data_processing"
speech.py,error
dallecsv.py,data_processing
img2img copy.py,general
convert-loop2 2.py,error
import os.py,general
main.py,error
Mp3toMp4ximg.py,general
pods2.py,general
img-img-upscale.py,general
pipgen.py,automation
9mb.py,general
batch.py.bak.py,api
8mb.py,general
backup_installations.py,"data_processing, automation"
quiz-time.py,"api, data_processing"
re_custom.py,error
organize_files.py,general
backupcsv.py,"data_processing, automation"
mp4tomp3.py,automation
up-down-mp4.py,general
gpt4.py,"api, data_processing"
sora.py,api
loop-upscale copy 2.py,"api, automation"
category.py,general
motion-upload 2.py,"api, automation"
yt-dalle-prompt.py,"api, data_processing"
imgconvert_colab copy.py,general
check-python.py,automation
autofix.py,automation
imgupscale copy.py,general
img-prompt.py,data_processing
pods.py,general
downsize.py,general
upscale3.py,general
speek.py,general
curl.py,"data_processing, automation"
curld.py,"data_processing, automation"
2leomotion.py,"api, automation"
__init__.py,general
generate_speech.py,"api, data_processing"
main.py,data_processing
quiz-tts.py,data_processing
speak.py,"api, data_processing"
trek.py,"api, data_processing"
test.py,data_processing
generate_speech.py,data_processing
speech.py,data_processing
main.py,data_processing
trek.py,"api, data_processing"
quiz-tts.py,data_processing
transcribe.py,api
analyze.py,api
import.py,error
upcreatmod.py,"api, data_processing"
test.py,"api, data_processing"
uploadimages.py,error
2.0.py,"api, data_processing"
createimages.py,"api, data_processing"
toc-merge.py,general
merge-pdfs.py,general
toc-mark.py,general
bookmarks.py,general
tocpdf.py,general
config.py,general
main.py,general
videogenerator.py,error
textgenerator.py,general
config.py,general
dbl.py,data_processing
cleanup2.py,data_processing
doubles.py,data_processing
docs.py,data_processing
other.py,data_processing
cleanup.py,data_processing
img.py,data_processing
vids.py,data_processing
dups.py,general
audio.py,data_processing
dupes.py,data_processing
dblsort.py,data_processing
sorts.py,data_processing
config.py,general
organize.py,data_processing
docs.py,data_processing
other.py,data_processing
img.py,data_processing
vids.py,data_processing
audio.py,data_processing
create_video.py,general
transcribe.py,api
analyze.py,api
scan_images_individual.py,general
imove.py,data_processing
scancsv.py,data_processing
sort.py,general
sort copy.py,general
scan.py,general
CreateVideo.py,general
GenerateTexts.py,general
upload_video.py,automation
audio.py,general
main.py,multimedia
error.py,general
debug.py,general
octets.py,general
integer.py,general
streaming.py,general
decoder.py,general
__init__.py,general
encoder.py,general
decoder.py,general
__init__.py,general
anyio.py,general
__init__.py,general
trio.py,general
base.py,automation
auto.py,general
mock.py,general
backcall.py,general
pulldom.py,general
expatbuilder.py,general
xmlrpc.py,general
cElementTree.py,general
sax.py,general
lxml.py,general
common.py,general
minidom.py,general
expatreader.py,general
ElementTree.py,general
convert.py,general
rwbase.py,general
nbbase.py,general
nbjson.py,general
__init__.py,general
words.py,general
test_words.py,general
__init__.py,general
convert.py,general
rwbase.py,general
nbbase.py,general
nbjson.py,general
nbpy.py,general
nbxml.py,general
test_cases.py,general
toc.py,general
admonition.py,general
include.py,general
image.py,general
html.py,general
__init__.py,general
markdown.py,general
rst.py,general
task_lists.py,general
abbr.py,general
spoiler.py,general
ruby.py,general
formatting.py,general
url.py,general
table.py,general
math.py,general
footnotes.py,general
speedup.py,general
def_list.py,general
setters.py,general
validators.py,general
exceptions.py,general
converters.py,general
filters.py,general
__init__.py,general
inject_meta_charset.py,general
__init__.py,general
base.py,general
alphabeticalattributes.py,general
lint.py,general
whitespace.py,general
etree_lxml.py,general
etree.py,general
genshi.py,general
dom.py,general
py.py,general
sax.py,general
genshi.py,general
sas.py,general
material.py,general
friendly_grayscale.py,general
pastie.py,general
onedark.py,general
inkpot.py,general
xcode.py,general
gruvbox.py,general
monokai.py,general
friendly.py,general
staroffice.py,general
paraiso_dark.py,general
solarized.py,general
algol_nu.py,general
gh_dark.py,general
native.py,general
colorful.py,general
lilypond.py,general
igor.py,general
zenburn.py,general
bw.py,general
emacs.py,general
dracula.py,general
vs.py,general
default.py,general
paraiso_light.py,general
lovelace.py,general
stata_dark.py,general
vim.py,general
borland.py,general
murphy.py,general
lightbulb.py,general
fruity.py,general
abap.py,general
rainbow_dash.py,general
manni.py,general
autumn.py,general
rrt.py,general
perldoc.py,general
trac.py,general
algol.py,general
arduino.py,general
nord.py,general
stata_light.py,general
version.py,general
utils.py,automation
my_getattr_static.py,general
serializing.py,general
version.py,general
utils.py,general
conftest.py,general
paths.py,general
display.py,general
consoleapp.py,general
daft_extension.py,general
__init__.py,general
custom_doctests.py,data_processing
ipython_console_highlighting.py,general
glut.py,automation
gtk.py,general
gtk3.py,general
asyncio.py,general
qt.py,general
tk.py,automation
gtk4.py,general
pyglet.py,automation
osx.py,general
test_pt_inputhooks.py,general
test_debug_magic.py,general
__init__.py,general
test_embed.py,automation
test_help.py,general
test_pycolorize.py,general
test_decorators.py,general
test_tempdir.py,general
test_importstring.py,general
test_imports.py,general
__init__.py,general
test_dir2.py,general
test_io.py,general
test_deprecated.py,general
test_process.py,automation
test_sysinfo.py,general
test_tokenutil.py,general
test_openpy.py,general
test_capture.py,general
test_module_paths.py,general
test_shimmodule.py,general
test_wildcard.py,general
__init__.py,general
test_storemagic.py,general
skipdoctest.py,general
globalipapp.py,general
ipunittest.py,general
decorators.py,general
test_ipunittest.py,general
test_decorators.py,general
test_tools.py,general
test_ipdoctest.py,general
dtexample.py,general
__init__.py,general
test_refs.py,general
setup.py,general
simplevars.py,general
simple.py,general
qt_for_kernel.py,general
test_qt_loaders.py,general
__init__.py,general
client.py,general
client.py,general
forward.py,general
restarter.py,automation
manager.py,general
base.py,general
ratelimiter.py,automation
lang.py,general
version.py,general
langs.py,general
tts.py,api
cli.py,general
utils.py,general
accents.py,general
symbols.py,general
tokenizer_cases.py,general
pre_processors.py,general
test_tokenizer_cases.py,general
test_pre_processors.py,general
test_core.py,general
test_utils.py,general
test_tts.py,general
test_lang.py,general
__init__.py,general
test_cli.py,general
retrieval.py,general
exceptions.py,general
typing.py,general
test_retrieval.py,general
test_exceptions.py,general
__init__.py,general
test_referencing_suite.py,general
cache.py,automation
common.py,general
utils.py,general
debug.py,automation
settings.py,general
file_io.py,general
test_release.py,general
test_package.py,general
test_exceptions.py,general
__init__.py,general
test_client.py,general
config.py,automation
version.py,general
compat.py,general
tools.py,automation
config_defaults.py,general
utils.py,general
editor.py,general
decorators.py,general
__init__.py,general
even_size.py,general
supersample.py,data_processing
time_mirror.py,general
gamma_corr.py,general
lum_contrast.py,general
mask_color.py,data_processing
blackwhite.py,data_processing
headblur.py,data_processing
make_loopable.py,general
scroll.py,general
mirror_x.py,general
accel_decel.py,general
blink.py,general
mirror_y.py,general
speedx.py,general
fadein.py,data_processing
margin.py,data_processing
crop.py,general
colorx.py,data_processing
resize.py,data_processing
time_symmetrize.py,general
freeze_region.py,general
invert_colors.py,general
loop.py,general
painting.py,data_processing
freeze.py,general
mask_or.py,data_processing
rotate.py,data_processing
fadeout.py,data_processing
mask_and.py,data_processing
concatenate.py,data_processing
positioning.py,general
on_color.py,general
__init__.py,general
CompositeVideoClip.py,data_processing
transitions.py,general
__init__.py,general
cuts.py,data_processing
volumex.py,general
audio_normalize.py,general
audio_loop.py,general
audio_fadein.py,data_processing
__init__.py,general
audio_fadeout.py,data_processing
audio_left_right.py,data_processing
preview.py,"data_processing, automation"
AudioFileClip.py,general
ffmpeg_audiowriter.py,automation
release.py,general
client.py,api
exceptions.py,general
parse.py,api
util.py,general
jsonutil.py,general
exceptions.py,general
output_widget.py,general
test_ccompiler_opt_conf.py,general
test_mingw32ccompiler.py,automation
test_from_template.py,general
__init__.py,general
test_log.py,general
test_fcompiler_intel.py,general
test_misc_util.py,general
test_fcompiler.py,general
test_build_ext.py,automation
test_shell_utils.py,automation
test_npy_pkg_config.py,general
test_fcompiler_nagfor.py,general
test_fcompiler_gnu.py,general
compaq.py,general
intel.py,general
none.py,general
nag.py,general
pg.py,general
ibm.py,automation
sun.py,general
nv.py,general
lahey.py,general
g95.py,general
arm.py,general
mips.py,general
hpux.py,general
environment.py,general
pathf95.py,general
fujitsu.py,general
absoft.py,general
vast.py,general
py3k.py,general
setup.py,general
__init__.py,general
test_compat.py,general
setup.py,data_processing
setup.py,data_processing
test_deprecations.py,data_processing
__init__.py,general
test_regression.py,data_processing
umath.py,general
_dtype.py,general
_internal.py,general
multiarray.py,general
__init__.py,general
_dtype_ctypes.py,general
_multiarray_umath.py,general
test_pyinstaller.py,automation
__init__.py,general
hook-numpy.py,general
pyinstaller-smoke.py,data_processing
test_indexing_functions.py,general
test_set_functions.py,general
test_validation.py,general
test_data_type_functions.py,data_processing
test_elementwise_functions.py,general
__init__.py,general
test_manipulation_functions.py,data_processing
test_sorting_functions.py,general
test_creation_functions.py,data_processing
__init__.py,general
mypy_plugin.py,data_processing
setup.py,general
test_isfile.py,data_processing
test_runtime.py,data_processing
__init__.py,general
fromnumeric.py,data_processing
ndarray_conversion.py,data_processing
literal.py,data_processing
comparisons.py,data_processing
multiarray.py,data_processing
array_constructors.py,data_processing
dtype.py,data_processing
ndarray_misc.py,data_processing
ndarray_shape_manipulation.py,data_processing
ufuncs.py,data_processing
ufunc_config.py,data_processing
simple_py3.py,data_processing
index_tricks.py,data_processing
warnings_and_errors.py,data_processing
arrayterator.py,data_processing
numeric.py,data_processing
lib_utils.py,data_processing
modules.py,data_processing
einsumfunc.py,data_processing
lib_version.py,general
scalars.py,data_processing
array_like.py,data_processing
simple.py,data_processing
flatiter.py,data_processing
numerictypes.py,data_processing
mod.py,data_processing
arrayprint.py,data_processing
ufunclike.py,data_processing
bitwise_ops.py,data_processing
_backend.py,general
__init__.py,general
_distutils.py,general
__init__.py,general
overrides.py,general
setup.py,general
print_coercion_tables.py,data_processing
__init__.py,general
__init__.py,general
test_helper.py,data_processing
__init__.py,general
ufuncs.py,general
__init__.py,general
parse.py,general
extending.py,data_processing
extending.py,data_processing
extending_distributions.py,data_processing
__init__.py,general
setup.py,general
_version.py,general
__init__.py,general
__init__.py,general
_streams.py,general
_tasks.py,general
__init__.py,general
_testing.py,general
_sockets.py,general
_resources.py,general
_subprocesses.py,general
__init__.py,general
__pip-runner__.py,general
__main__.py,general
selection_prefs.py,general
index.py,general
target_python.py,general
__init__.py,general
search_scope.py,general
candidate.py,general
format_control.py,general
installation_report.py,general
scheme.py,general
wheel.py,general
__init__.py,general
editable_legacy.py,general
__init__.py,general
wheel_legacy.py,general
metadata.py,general
metadata_editable.py,general
wheel_editable.py,general
__init__.py,general
metadata_legacy.py,general
wheel.py,general
build_tracker.py,general
__init__.py,general
base.py,general
__init__.py,general
_distutils.py,general
base.py,general
_json.py,general
__init__.py,general
__init__.py,general
sdist.py,general
installed.py,general
base.py,general
wheel.py,general
__init__.py,general
exceptions.py,general
ext.py,general
__init__.py,general
chardetect.py,general
__init__.py,general
__init__.py,general
__init__.py,general
__main__.py,general
__init__.py,general
win32.py,general
ansi.py,general
initialise.py,general
isatty_test.py,general
initialise_test.py,general
__init__.py,general
ansi_test.py,general
utils.py,general
winterm_test.py,general
wrapper.py,api
filewrapper.py,general
heuristics.py,automation
adapter.py,general
cache.py,general
__init__.py,general
_cmd.py,api
file_cache.py,general
__init__.py,general
redis_cache.py,general
_types.py,general
__init__.py,general
_re.py,automation
__init__.py,general
core.py,general
__main__.py,general
__init__.py,general
_compat.py,general
__init__.py,general
__init__.py,general
__init__.py,general
makefile.py,general
weakref_finalize.py,general
__init__.py,general
providers.py,general
structs.py,general
reporters.py,general
__init__.py,general
collections_abc.py,general
__init__.py,general
__init__.py,general
caresresolver.py,general
twisted.py,general
asgi.py,general
__init__.py,general
base.py,general
mock.py,general
wsgi.py,general
__init__.py,general
core.py,general
__main__.py,general
__init__.py,general
cli.py,general
utils.py,general
base.py,general
__init__.py,general
base.py,general
deduplicate.py,general
filesystem.py,general
__init__.py,general
word_completer.py,general
nested.py,general
__init__.py,general
system.py,general
__init__.py,general
completion.py,general
__init__.py,general
lexer.py,general
validation.py,general
server.py,general
__init__.py,general
log.py,general
protocol.py,general
__init__.py,general
__init__.py,general
pygments.py,general
html.py,general
__init__.py,general
utils.py,general
base.py,general
__init__.py,general
win32.py,general
async_generator.py,general
utils.py,automation
inputhook.py,general
run_in_terminal.py,general
__init__.py,general
current.py,general
dummy.py,general
pyperclip.py,general
__init__.py,general
base.py,general
in_memory.py,general
_impl.py,general
_version.py,general
__init__.py,general
test_sniffio.py,general
__init__.py,general
validator_creation.py,general
unused_registry.py,general
issue232.py,general
__init__.py,general
json_schema_test_suite.py,general
contains.py,general
subcomponents.py,general
nested_schemas.py,general
logging.py,general
concurrent.py,general
bells.py,general
telegram.py,general
discord.py,general
__init__.py,data_processing
slack.py,general
itertools.py,general
utils_worker.py,general
util.py,general
_fork_pty.py,general
__init__.py,general
signals.py,general
models.py,general
apps.py,general
site.py,general
storage.py,general
decorators.py,general
__init__.py,general
conftest.py,general
_version.py,general
__init__.py,general
__main__.py,general
regexremove.py,general
clearmetadata.py,general
execute.py,general
csshtmlheader.py,general
extractoutput.py,general
__init__.py,general
extractattachments.py,general
coalescestreams.py,general
latex.py,general
highlightmagics.py,general
sanitize.py,general
tagremove.py,general
convertfigures.py,general
base.py,general
clearoutput.py,general
svg2pdf.py,automation
files.py,general
__init__.py,general
debug.py,general
stdout.py,general
base.py,general
__init__.py,general
__init__.py,general
serve.py,general
base.py,general
version.py,general
iso639_1.py,general
pandoc.py,automation
io.py,general
__init__.py,general
text.py,general
exceptions.py,general
_contextlib_chdir.py,general
base.py,general
lexers.py,general
__init__.py,general
_core.py,general
__init__.py,general
test_jsonschema_specifications.py,general
__init__.py,general
context.py,automation
_meta.py,general
_text.py,general
_functools.py,general
_collections.py,general
_itertools.py,general
_adapters.py,general
_compat.py,general
__init__.py,general
readers.py,general
_common.py,general
__init__.py,general
_itertools.py,general
_adapters.py,general
_compat.py,general
_legacy.py,general
simple.py,general
abc.py,general
_types.py,general
__init__.py,general
_re.py,automation
__init__.py,general
__init__.py,general
__init__.py,general
context.py,automation
__init__.py,general
readers.py,general
_common.py,general
__init__.py,general
_itertools.py,general
_adapters.py,general
_compat.py,general
_legacy.py,general
simple.py,general
abc.py,general
__init__.py,general
__init__.py,general
override.py,general
__init__.py,general
grammar_parser.py,general
_loader.py,general
__init__.py,general
_schema_validator.py,general
_version.py,general
log.py,general
__init__.py,general
test_traitlets.py,general
__init__.py,general
utils.py,general
bunch.py,general
getargspec.py,general
warnings.py,general
__init__.py,general
text.py,general
nested_update.py,general
importstring.py,general
sentinel.py,general
descriptions.py,general
decorators.py,general
_typing.py,general
error.py,general
asyncio.py,general
__init__.py,general
decorators.py,general
device.py,general
__init__.py,general
poll.py,general
__init__.py,general
ioloop.py,general
zmqstream.py,general
version.py,general
attrsettr.py,general
__init__.py,general
stopwatch.py,automation
frame.py,general
tracker.py,automation
poll.py,general
thread.py,general
certs.py,general
asyncio.py,general
__init__.py,general
ioloop.py,general
strtypes.py,general
monitor.py,general
__init__.py,general
win32.py,general
interop.py,general
jsonapi.py,general
z85.py,general
garbage.py,general
__init__.py,general
select.py,general
_poll.py,general
error.py,general
__init__.py,general
message.py,general
context.py,general
utils.py,general
devices.py,general
__init__.py,general
forward.py,general
_deprecated.py,automation
__init__.py,general
ioloop.py,general
future.py,general
__init__.py,general
__main__.py,general
monitoredqueue.py,general
__init__.py,general
monitoredqueuedevice.py,general
proxydevice.py,general
proxysteerabledevice.py,general
__init__.py,general
rebuild.py,general
__init__.py,general
model_deleted.py,general
moderation_create_params.py,general
completion.py,general
embedding.py,general
file_create_params.py,general
moderation.py,general
__init__.py,general
embedding_create_params.py,general
completion_choice.py,general
image_generate_params.py,general
model.py,general
file_deleted.py,general
file_list_params.py,general
create_embedding_response.py,general
file_content.py,general
images_response.py,general
completion_usage.py,general
moderation_create_response.py,general
image_edit_params.py,general
image.py,general
image_create_variation_params.py,general
file_object.py,general
assistant_tool_param.py,general
assistant_list_params.py,general
assistant_stream_event.py,general
code_interpreter_tool_param.py,general
function_tool_param.py,general
thread.py,general
thread_update_params.py,general
thread_deleted.py,general
thread_create_params.py,general
assistant.py,general
assistant_deleted.py,general
__init__.py,general
retrieval_tool.py,general
code_interpreter_tool.py,general
retrieval_tool_param.py,general
assistant_tool.py,general
function_tool.py,general
assistant_create_params.py,general
assistant_update_params.py,general
thread_create_and_run_params.py,general
__init__.py,general
file_create_params.py,general
__init__.py,general
file_list_params.py,general
file_delete_response.py,general
assistant_file.py,general
text_delta.py,general
run_status.py,general
message_content_delta.py,general
run.py,general
annotation.py,general
message_update_params.py,general
file_citation_delta_annotation.py,general
message_delta.py,general
run_create_params.py,general
run_submit_tool_outputs_params.py,general
message_list_params.py,general
run_update_params.py,general
message_delta_event.py,general
text_content_block.py,general
__init__.py,general
annotation_delta.py,general
message.py,general
message_create_params.py,general
file_path_delta_annotation.py,general
image_file_content_block.py,general
image_file_delta_block.py,general
image_file.py,general
file_citation_annotation.py,general
text.py,general
required_action_function_tool_call.py,general
image_file_delta.py,general
message_content.py,general
text_delta_block.py,general
file_path_annotation.py,general
run_list_params.py,general
__init__.py,general
file_list_params.py,general
message_file.py,general
run_step_delta_event.py,general
retrieval_tool_call_delta.py,general
step_list_params.py,general
tool_call_delta_object.py,general
function_tool_call.py,general
run_step.py,general
__init__.py,general
tool_calls_step_details.py,general
retrieval_tool_call.py,general
tool_call_delta.py,general
code_interpreter_tool_call_delta.py,general
code_interpreter_output_image.py,general
tool_call.py,general
run_step_delta.py,general
code_interpreter_tool_call.py,general
code_interpreter_logs.py,general
message_creation_step_details.py,general
run_step_delta_message_delta.py,general
function_tool_call_delta.py,general
fine_tuning_job.py,general
job_create_params.py,general
job_list_params.py,general
__init__.py,general
fine_tuning_job_event.py,general
job_list_events_params.py,general
chat_completion_user_message_param.py,general
chat_completion_role.py,general
chat_completion_message.py,general
chat_completion_message_tool_call_param.py,general
chat_completion_content_part_param.py,general
chat_completion.py,general
chat_completion_message_param.py,general
chat_completion_function_call_option_param.py,general
chat_completion_chunk.py,general
chat_completion_token_logprob.py,general
__init__.py,general
chat_completion_assistant_message_param.py,general
chat_completion_tool_choice_option_param.py,general
chat_completion_function_message_param.py,general
chat_completion_content_part_text_param.py,general
chat_completion_content_part_image_param.py,general
chat_completion_tool_param.py,general
chat_completion_tool_message_param.py,general
chat_completion_named_tool_choice_param.py,general
chat_completion_message_tool_call.py,general
chat_completion_system_message_param.py,general
error_object.py,general
__init__.py,general
function_definition.py,general
function_parameters.py,general
__init__.py,general
function_definition.py,general
function_parameters.py,general
transcription.py,general
__init__.py,general
translation.py,general
translation_create_params.py,general
speech_create_params.py,general
transcription_create_params.py,general
_common.py,general
__init__.py,data_processing
numpy_proxy.py,data_processing
pandas_proxy.py,data_processing
beta.py,general
__init__.py,general
__init__.py,general
__init__.py,general
__init__.py,general
fine_tuning.py,general
__init__.py,general
__init__.py,general
chat.py,general
_errors.py,general
_cli.py,error
__init__.py,general
_models.py,general
_progress.py,general
_utils.py,api
files.py,general
models.py,general
_main.py,multimedia
__init__.py,general
completions.py,general
audio.py,general
image.py,general
__init__.py,general
completions.py,general
_main.py,general
fine_tunes.py,general
__init__.py,general
migrate.py,automation
_old_api.py,general
__init__.py,general
version.py,general
__init__.py,general
config.py,general
organize.py,data_processing
docs.py,data_processing
other.py,data_processing
img.py,data_processing
vids.py,data_processing
audio.py,data_processing
tag.py,data_processing
config.py,general
main.py,general
videogenerator.py,general
textgenerator.py,api
motion-upload.py,"api, automation"
imgmp4.py,general
motion-upload copy.py,"api, automation"
motion-upload 2.py,"api, automation"
leonardo_script copy 2.py,error
myinfo.py,api
leonardo_script 2.py,error
leo-ups.py,error
mywork.py,"api, data_processing"
motion-upload.py,"api, automation"
leoimg.py,api
2leomotion.py,"api, automation"
leocsv.py,error
leoup.py,"api, automation"
motion-upload copy.py,"api, automation"
leonardo_script copy.py,error
leonardo2.py,error
motion-upload 2.py,"api, automation"
leonardo_script.py,error
create_video.py,general
transcribe.py,api
analyze.py,api
create_video.py,general
transcribe.py,api
analyze.py,api
cover.py,api
imgmp4.py,general
cover2.py,api
y.py,general
ythumb.py,"api, data_processing"
YTubeDLthumbs.py,"api, data_processing"
ytube.py,data_processing
YTdownloadthumb copy.py,"api, data_processing"
YTdownloadthumb.py,"api, data_processing"
yt-upload.py,data_processing
ythumb copy.py,"api, data_processing"
youtube2.py,data_processing
YTubeDLthumbs copy.py,"api, data_processing"
mp4-trans.py,"api, automation"
test.py,api
transcribe.py,api
analyze.py,error
__init__.py,general
__pip-runner__.py,general
__main__.py,general
pyproject.py,general
__init__.py,general
main.py,general
self_outdated_check.py,general
xmlrpc.py,general
download.py,general
cache.py,general
__init__.py,general
utils.py,general
lazy_wheel.py,general
egg_link.py,general
compat.py,general
encoding.py,general
models.py,general
deprecation.py,general
subprocess.py,automation
filesystem.py,general
direct_url_helpers.py,general
__init__.py,general
_jaraco_text.py,general
temp_dir.py,general
appdirs.py,general
setuptools_build.py,general
packaging.py,general
entrypoints.py,general
filetypes.py,general
compatibility_tags.py,general
datetime.py,general
urls.py,general
hashes.py,general
virtualenv.py,general
_log.py,general
glibc.py,general
wheel.py,general
unpacking.py,general
selection_prefs.py,general
direct_url.py,general
index.py,general
target_python.py,general
__init__.py,general
search_scope.py,general
candidate.py,general
format_control.py,general
installation_report.py,general
scheme.py,general
wheel.py,general
__init__.py,general
status_codes.py,general
command_context.py,general
spinners.py,automation
autocompletion.py,general
base_command.py,general
main_parser.py,automation
progress_bars.py,general
main.py,general
check.py,general
__init__.py,general
freeze.py,general
editable_legacy.py,general
__init__.py,general
wheel_legacy.py,general
metadata.py,general
metadata_editable.py,general
wheel_editable.py,general
__init__.py,general
metadata_legacy.py,general
wheel.py,general
build_tracker.py,general
req_set.py,general
req_uninstall.py,general
__init__.py,general
__init__.py,general
base.py,general
__init__.py,general
provider.py,general
found_candidates.py,general
reporter.py,general
__init__.py,general
requirements.py,general
candidates.py,general
base.py,general
__init__.py,general
mercurial.py,general
bazaar.py,general
_sysconfig.py,general
_distutils.py,general
base.py,general
collector.py,api
__init__.py,general
sources.py,general
configuration.py,automation
show.py,general
check.py,general
index.py,general
completion.py,general
download.py,general
cache.py,general
__init__.py,general
hash.py,general
inspect.py,general
debug.py,general
uninstall.py,general
freeze.py,general
search.py,general
help.py,general
wheel.py,general
_json.py,general
__init__.py,general
pkg_resources.py,general
_dists.py,general
__init__.py,general
_compat.py,general
_envs.py,general
__init__.py,general
sdist.py,general
installed.py,general
base.py,general
wheel.py,general
__init__.py,general
_musllinux.py,automation
__init__.py,general
utils.py,general
requirements.py,general
_structures.py,general
markers.py,general
__about__.py,general
_openssl.py,general
_api.py,general
__init__.py,general
_ssl_constants.py,general
__init__.py,general
exceptions.py,general
ext.py,general
resultdict.py,general
enums.py,general
version.py,general
utf1632prober.py,general
euckrprober.py,general
sjisprober.py,general
cp949prober.py,general
__init__.py,general
chardistribution.py,general
latin1prober.py,general
charsetprober.py,general
gb2312prober.py,general
mbcharsetprober.py,general
euctwprober.py,general
codingstatemachine.py,general
escprober.py,general
utf8prober.py,general
mbcsgroupprober.py,general
eucjpprober.py,general
sbcharsetprober.py,general
codingstatemachinedict.py,general
big5prober.py,general
johabprober.py,general
macromanprober.py,general
charsetgroupprober.py,general
sbcsgroupprober.py,general
__init__.py,general
chardetect.py,general
__init__.py,general
labels.py,general
mklabels.py,general
x_user_defined.py,general
tests.py,general
modeline.py,general
console.py,general
scanner.py,general
formatter.py,general
token.py,general
style.py,general
util.py,general
sphinxext.py,general
__init__.py,general
regexopt.py,general
plugin.py,general
filter.py,general
__main__.py,general
terminal.py,general
irc.py,general
__init__.py,general
other.py,general
rtf.py,general
svg.py,general
bbcode.py,general
pangomarkup.py,general
_mapping.py,general
groff.py,general
__init__.py,general
__init__.py,general
markers.py,general
util.py,general
actions.py,general
__init__.py,general
exceptions.py,general
__init__.py,general
__main__.py,general
__init__.py,general
win32.py,general
ansi.py,general
winterm.py,general
initialise.py,general
isatty_test.py,general
initialise_test.py,general
__init__.py,general
ansi_test.py,general
utils.py,general
winterm_test.py,general
serialize.py,general
wrapper.py,api
filewrapper.py,general
heuristics.py,automation
adapter.py,general
cache.py,general
__init__.py,general
_cmd.py,api
file_cache.py,general
__init__.py,general
redis_cache.py,general
intranges.py,general
package_data.py,general
compat.py,general
__init__.py,general
codec.py,general
before.py,general
before_sleep.py,general
_asyncio.py,general
stop.py,general
wait.py,general
nap.py,automation
after.py,general
retry.py,general
tornadoweb.py,general
_utils.py,general
auth.py,automation
hooks.py,general
compat.py,general
certs.py,general
__init__.py,general
status_codes.py,general
packages.py,general
__version__.py,general
api.py,general
_internal_utils.py,general
exceptions.py,general
structures.py,general
help.py,general
_types.py,general
__init__.py,general
_re.py,automation
__init__.py,general
core.py,general
__main__.py,general
__init__.py,general
_compat.py,general
__init__.py,general
themes.py,general
screen.py,general
measure.py,general
tree.py,general
console.py,general
live_render.py,general
box.py,general
_timer.py,automation
_fileno.py,general
theme.py,general
default_styles.py,general
_wrap.py,general
_log_render.py,general
emoji.py,general
containers.py,general
_emoji_replace.py,general
traceback.py,general
region.py,general
protocol.py,general
_loop.py,general
control.py,automation
filesize.py,general
_null_file.py,general
_palettes.py,general
__init__.py,general
_pick.py,general
file_proxy.py,general
palette.py,general
markup.py,general
_ratio.py,general
repr.py,general
constrain.py,general
diagnose.py,general
columns.py,general
rule.py,general
_inspect.py,general
pager.py,general
highlighter.py,general
terminal_theme.py,general
bar.py,general
live.py,automation
_export_format.py,general
progress_bar.py,automation
errors.py,general
segment.py,general
ansi.py,general
_stack.py,general
_windows.py,general
_cell_widths.py,general
cells.py,general
styled.py,general
spinner.py,general
_windows_renderer.py,general
json.py,general
padding.py,general
__main__.py,general
scope.py,general
_extension.py,general
status.py,general
abc.py,general
jupyter.py,general
color_triplet.py,general
filepost.py,general
fields.py,general
_version.py,general
request.py,general
__init__.py,general
exceptions.py,general
queue.py,general
ssltransport.py,general
proxy.py,general
wait.py,automation
request.py,general
timeout.py,automation
__init__.py,general
response.py,general
connection.py,general
ssl_match_hostname.py,general
__init__.py,general
socks.py,general
_appengine_environ.py,general
ntlmpool.py,general
__init__.py,general
__init__.py,general
makefile.py,general
weakref_finalize.py,general
__init__.py,general
providers.py,general
structs.py,general
reporters.py,general
__init__.py,general
collections_abc.py,general
macos.py,general
unix.py,general
version.py,general
api.py,general
android.py,general
windows.py,general
__main__.py,general
imove.py,data_processing
other.py,data_processing
img.py,data_processing
pics.py,data_processing
csvr.py,"api, data_processing"
urls.py,general
test_onedrive_gallery_logic.py,general
test_file_gallery_logic.py,general
test_netlify_uploader.py,general
files_gallery_logic.py,error
helpers.py,general
trek 3.py,"api, data_processing"
organize_files.py,general
base_gallery_logic.py,general
mercurial.py,general
search_scope.py,general
adapter.py,general
codingstatemachine.py,general
convert.py,general
videogenerator.py,error
myinfo.py,api
found_candidates.py,general
sbcharsetprober.py,general
codingstatemachinedict.py,general
generate_speech.py,error
test_google_gallery_logic.py,general
main 2.py,error
generate_speech 2.py,error
speech.py,error
scan_images.py,general
config.py,general
ytube.py,data_processing
other.py,general
mklabels.py,general
errors.py,general
status_codes.py,general
target_python.py,general
pythoncatorize.py,general
Mp3toMp4ximg.py,general
autocompletion.py,general
merge-pdfs.py,general
config.py,general
files_gallery_logic.py,error
csv-output.py,data_processing
midj-.py,general
GenerateTexts.py,general
main_parser.py,automation
sjisprober.py,general
config.py,general
trek.py,"api, data_processing"
gdrive.py,general
import.py,data_processing
generate_speech 2.py,error
base_uploader.py,general
organize.py,data_processing
vids.py,data_processing
compat.py,general
dthumb2.py,"api, data_processing"
scanpython.py,general
test_gallery_logic.py,general
test_file_gallery_logic.py,general
audio.py,data_processing
CreateVideo.py,general
check.py,general
text.py,general
big5prober.py,general
imgmp4.py,general
div.py,data_processing
bbcode.py,general
bookmarks.py,general
uninstall.py,general
redis_cache.py,general
category_flake8.py,general
euckrprober.py,general
utf1632prober.py,general
main.py,general
rtf.py,general
idt copy.py,data_processing
leoimg.py,api
setuptools_build.py,general
sbcsgroupprober.py,general
img.py,data_processing
YTubeDLthumbs.py,"api, data_processing"
netlify_uploader.py,api
cleanupd.py,automation
download.py,general
check-python.py,automation
gallery_build.py,error
textgenerator.py,general
main.py,general
Quiz22sec.py,"api, data_processing"
main.py,general
completion.py,general
mywork.py,"api, data_processing"
google_gallery_logic.py,error
onedrive_gallery_logic.py,error
helpers.py,general
ext.py,general
test_gallery_init.py,general
import.py,data_processing
resultdict.py,general
base.py,general
labels.py,general
filter.py,general
installed.py,general
test_file_gallery_logic.py,general
markers.py,general
scanpythons.py,general
check.py,general
media.py,api
packaging.py,general
organize_files.py,general
base.py,general
lazy_wheel.py,general
test_uploader_factory.py,general
winterm_test.py,general
etsycsv.py,data_processing
terminal.py,general
reporter.py,general
mp3_to_mp4.py,general
organize.py,data_processing
groff.py,general
wrapper.py,api
console.py,general
svg.py,general
etsycsv.py,data_processing
main.py,error
midj.py,general
upcreatmod.py,"api, data_processing"
initialise.py,general
media.py,api
motion-upload copy.py,"api, automation"
enums.py,general
base.py,general
index.py,general
videogenerator.py,error
modeline.py,general
audio.py,data_processing
motion-upload copy.py,"api, automation"
before.py,general
vids.py,data_processing
toc-merge.py,general
quiz.py,data_processing
midj.py,general
media.py,api
impo.py,general
helpers.py,general
motion-upload 2.py,"api, automation"
installation_report.py,general
bookmarks.py,general
motion-upload copy.py,"api, automation"
chardetect.py,general
scheme.py,general
imove.py,data_processing
15days.py,data_processing
sort.py,data_processing
docs.py,data_processing
other.py,data_processing
move.py,automation
cleanups.py,automation
unpacking.py,general
config.py,general
curl.py,"data_processing, automation"
onedrive_gallery_logic.py,error
metadata_legacy.py,general
glibc.py,general
gallery_upload.py,error
pdf-merge.py,general
latin1prober.py,general
progress_bars.py,general
version.py,general
test_gallery_upload.py,automation
gb2312prober.py,general
other.py,data_processing
formatter.py,general
editable_legacy.py,general
csv-download.py,"api, data_processing"
compat.py,general
token.py,general
gback.py,general
req_set.py,general
utf8prober.py,general
mbcsgroupprober.py,general
command_context.py,general
pipgen.py,automation
plugin.py,general
filetypes.py,general
generate_speech.py,error
direct_url.py,general
regexopt.py,general
test_uploader_factory.py,general
test_onedrive_gallery_logic.py,general
test_gallery_init.py,general
test_gallery_logic.py,general
quiz.py,data_processing
netlify_uploader.py,api
charsetprober.py,general
heuristics.py,automation
myinfo.py,api
util.py,general
common.py,general
cache.py,general
bazaar.py,general
upcreatmod.py,"api, data_processing"
speek.py,general
yt-upload.py,data_processing
initialise_test.py,general
15days.py,data_processing
backup_installations.py,"data_processing, automation"
scanner.py,general
base.py,general
irc.py,general
encoding.py,general
stop.py,general
metadata_editable.py,general
convert.py,general
cache.py,general
test.py,data_processing
filewrapper.py,general
ythumb.py,"api, data_processing"
csvr.py,"api, data_processing"
ansi_test.py,general
test_aws_uploader.py,automation
serialize.py,general
download.py,general
file_cache.py,general
sort.py,data_processing
aws_uploader.py,automation
inspect.py,general
trek3.py,"api, data_processing"
imgmp4.py,general
listcsv.py,data_processing
before_sleep.py,general
pics.py,data_processing
vids.py,data_processing
vision.py,data_processing
charsetgroupprober.py,general
tag.py,data_processing
youtube2.py,data_processing
text.py,general
gallery_logic.py,general
models.py,general
mbcharsetprober.py,general
markers.py,general
tag.py,data_processing
format_control.py,general
csvmerge.py,data_processing
self_outdated_check.py,general
quiz-tts.py,data_processing
Quiz22sec.py,"api, data_processing"
candidate.py,general
main.py,general
egg_link.py,general
exceptions.py,general
check.py,automation
vision.py,data_processing
hashes.py,general
x_user_defined.py,general
test_gallery_build.py,general
batch_upload.py,general
textgenerator.py,general
Mp3toMp4ximg.py,general
myinfo.py,api
curl.py,"data_processing, automation"
textgenerator.py,general
quiz-time.py,"api, data_processing"
cp949prober.py,general
trek 3.py,"api, data_processing"
test_gallery_upload.py,automation
speak.py,error
csv-download.py,"api, data_processing"
scan_images.py,general
actions.py,general
main.py,error
pyproject.py,general
ythumb copy.py,"api, data_processing"
intranges.py,general
debug.py,general
base_gallery_logic.py,general
hash.py,general
ansi.py,general
gallery_init.py,general
entrypoints.py,general
trek 2.py,"api, data_processing"
CreateVideo.py,general
csvmerge.py,data_processing
cleanupd.py,automation
cover2.py,api
sphinxext.py,general
virtualenv.py,general
category.py,general
audio.py,data_processing
quiz-time.py,"api, data_processing"
freeze.py,general
convert.py,general
deprecation.py,general
tests.py,general
check-python.py,automation
mp3.py,automation
winterm.py,general
compatibility_tags.py,general
test_gallery_build.py,general
organize.py,data_processing
index.py,general
package_data.py,general
isatty_test.py,general
escprober.py,general
mywork.py,"api, data_processing"
quiz-tts.py,data_processing
listcsv.py,data_processing
speak.py,error
cache.py,general
eucjpprober.py,general
YTdownloadthumb.py,"api, data_processing"
utils.py,general
mywork.py,"api, data_processing"
metadata.py,general
test.py,data_processing
aws_uploader.py,automation
config.py,general
test_onedrive_gallery_logic.py,general
speek.py,general
img.py,data_processing
spinners.py,automation
move.py,automation
div.py,data_processing
appdirs.py,general
curld.py,"data_processing, automation"
onedrive_gallery_logic.py,error
pangomarkup.py,general
show.py,general
cover2.py,api
search.py,general
gallery_logic.py,general
check.py,automation
filesystem.py,general
mp3_colab.py,automation
config.py,general
autofix.py,automation
requirements.py,general
google_gallery_logic.py,error
uploader_factory.py,general
uploader_factory.py,general
trek.py,"api, data_processing"
main 2.py,error
pydescribe.py,general
test_aws_uploader.py,automation
GenerateTexts.py,general
pyorganize.py,general
xmlrpc.py,general
utils.py,general
build_tracker.py,general
idt.py,data_processing
test_gallery_init.py,general
datetime.py,general
sdist.py,general
help.py,general
txt-csv.py,data_processing
macromanprober.py,general
idt.py,data_processing
ythumb.py,"api, data_processing"
requirements.py,general
backup_installations.py,"data_processing, automation"
trek3.py,"api, data_processing"
mp3_to_mp4.py,general
cleanups.py,automation
curld.py,"data_processing, automation"
toc-merge.py,general
test_netlify_uploader.py,general
gback.py,general
docs.py,data_processing
audio.py,data_processing
tag.py,data_processing
category.py,general
johabprober.py,general
autofix.py,automation
utils.py,general
direct_url_helpers.py,general
trek 2.py,"api, data_processing"
finaltry.py,"api, data_processing"
y.py,general
motion-upload.py,"api, automation"
config.py,general
euctwprober.py,general
finaltry.py,"api, data_processing"
codec.py,general
base_command.py,general
style.py,general
selection_prefs.py,general
tocpdf.py,general
y.py,general
batch_upload.py,general
leoimg.py,api
sources.py,general
media.py,api
impo.py,general
contacts.py,general
gallery_upload.py,general
media.py,api
__init__.py,general
gallery_init.py,general
common.py,general
gallery_build.py,general
__init__.py,general
test_gallery_init.py,general
test_gallery_upload.py,automation
test_gallery_build.py,general
helpers.py,general
__init__.py,general
test_gallery_logic.py,general
test_google_gallery_logic.py,general
test_onedrive_gallery_logic.py,general
__init__.py,general
test_file_gallery_logic.py,general
test_uploader_factory.py,general
__init__.py,general
__init__.py,general
test_aws_uploader.py,automation
test_netlify_uploader.py,general
base_gallery_logic.py,general
__init__.py,general
gallery_logic.py,general
__init__.py,general
google_gallery_logic.py,automation
onedrive_gallery_logic.py,automation
files_gallery_logic.py,general
base_uploader.py,general
__init__.py,general
uploader_factory.py,general
netlify_uploader.py,api
__init__.py,general
aws_uploader.py,automation
config.py,general
batch-info.py,"api, data_processing, automation"
organize.py,data_processing
docs.py,data_processing
other.py,data_processing
img.py,data_processing
vids.py,data_processing
audio.py,data_processing
config.py,general
organize.py,data_processing
docs.py,data_processing
other.py,data_processing
img.py,data_processing
vids.py,data_processing
audio.py,data_processing
imgmove.py,error
quiz-tts.py,data_processing
youtube.py,data_processing
organize.py,general
duplicate-appscript.py,general
img.py,general
img2pdf.py,general
move-date.py,general
xlsx.py,"api, data_processing"
speech.py,general
google_auth_httplib2.py,general
_nope.py,general
__init__.py,general
_dummy.py,general
error.py,general
__init__.py,general
debug.py,general
octets.py,general
__init__.py,general
integer.py,general
__init__.py,general
streaming.py,general
decoder.py,general
__init__.py,general
encoder.py,general
decoder.py,general
__init__.py,general
_native.py,general
version.py,general
channel.py,general
__init__.py,general
sample_tools.py,general
errors.py,general
mimeparse.py,general
_auth.py,general
_helpers.py,general
file_cache.py,general
__init__.py,general
appengine_memcache.py,general
base.py,general
__init__.py,general
interactive.py,general
helpers.py,general
__init__.py,general
__main__.py,general
__init__.py,api
oauth2_auth.py,general
oauth1_auth.py,general
mailchimp.py,general
fitbit.py,general
plentymarkets.py,general
douban.py,general
ebay.py,general
__init__.py,general
facebook.py,general
weibo.py,general
instagram.py,general
slack.py,general
__init__.py,general
backcall.py,general
pulldom.py,general
expatbuilder.py,general
xmlrpc.py,general
cElementTree.py,general
sax.py,general
__init__.py,general
lxml.py,general
common.py,general
minidom.py,general
expatreader.py,general
ElementTree.py,general
convert.py,general
rwbase.py,general
__init__.py,general
nbbase.py,general
nbjson.py,general
__init__.py,general
words.py,general
test_words.py,general
__init__.py,general
convert.py,general
rwbase.py,general
__init__.py,general
nbbase.py,general
nbjson.py,general
nbpy.py,general
nbxml.py,general
_base.py,general
toc.py,general
_rst.py,general
admonition.py,general
__init__.py,general
include.py,general
_fenced.py,general
image.py,general
html.py,general
__init__.py,general
markdown.py,general
_list.py,general
rst.py,general
task_lists.py,general
abbr.py,general
spoiler.py,general
__init__.py,general
ruby.py,general
formatting.py,general
url.py,general
table.py,general
math.py,general
footnotes.py,general
speedup.py,general
def_list.py,general
setters.py,general
validators.py,general
__init__.py,general
exceptions.py,general
converters.py,general
filters.py,general
signals.py,general
__init__.py,general
uri_validate.py,general
__init__.py,general
__init__.py,general
device.py,general
__init__.py,general
__init__.py,general
__init__.py,general
__init__.py,general
tokens.py,general
exceptions.py,general
__init__.py,general
userinfo.py,general
pre_configured.py,general
dispatchers.py,general
hybrid.py,general
__init__.py,general
implicit.py,general
refresh_token.py,general
authorization_code.py,general
__init__.py,general
__init__.py,general
inject_meta_charset.py,general
__init__.py,general
base.py,general
alphabeticalattributes.py,general
lint.py,general
whitespace.py,general
etree_lxml.py,general
__init__.py,general
etree.py,general
genshi.py,general
dom.py,general
_base.py,general
__init__.py,general
py.py,general
sax.py,general
__init__.py,general
genshi.py,general
sas.py,general
material.py,general
friendly_grayscale.py,general
pastie.py,general
onedark.py,general
inkpot.py,general
xcode.py,general
gruvbox.py,general
monokai.py,general
friendly.py,general
staroffice.py,general
paraiso_dark.py,general
solarized.py,general
__init__.py,general
algol_nu.py,general
gh_dark.py,general
native.py,general
colorful.py,general
lilypond.py,general
igor.py,general
zenburn.py,general
bw.py,general
emacs.py,general
dracula.py,general
vs.py,general
default.py,general
paraiso_light.py,general
lovelace.py,general
stata_dark.py,general
vim.py,general
borland.py,general
_mapping.py,general
murphy.py,general
lightbulb.py,general
fruity.py,general
abap.py,general
rainbow_dash.py,general
manni.py,general
autumn.py,general
rrt.py,general
perldoc.py,general
trac.py,general
algol.py,general
arduino.py,general
nord.py,general
stata_light.py,general
version.py,general
__init__.py,general
utils.py,automation
my_getattr_static.py,general
datetime_helpers.py,general
enums.py,general
version.py,general
fields.py,general
primitives.py,general
__init__.py,general
utils.py,general
_file_info.py,general
_package_info.py,general
modules.py,general
marshal.py,general
compat.py,general
__init__.py,general
enums.py,general
__init__.py,general
message.py,general
wrappers.py,general
field_mask.py,general
dates.py,general
bytes.py,general
struct.py,general
stringy_numbers.py,general
maps.py,general
__init__.py,general
repeated.py,general
__init__.py,general
serializing.py,general
version.py,general
__init__.py,general
utils.py,general
conftest.py,general
paths.py,general
__init__.py,general
display.py,general
consoleapp.py,general
__main__.py,general
daft_extension.py,general
__init__.py,general
custom_doctests.py,data_processing
ipython_console_highlighting.py,general
glut.py,automation
gtk.py,general
gtk3.py,general
asyncio.py,general
qt.py,general
__init__.py,general
tk.py,automation
gtk4.py,general
pyglet.py,automation
osx.py,general
test_pt_inputhooks.py,general
test_debug_magic.py,general
__init__.py,general
test_embed.py,automation
test_help.py,general
test_pycolorize.py,general
test_decorators.py,general
test_tempdir.py,general
test_importstring.py,general
test_imports.py,general
__init__.py,general
test_dir2.py,general
test_io.py,general
test_deprecated.py,general
test_process.py,automation
test_sysinfo.py,general
test_tokenutil.py,general
test_openpy.py,general
test_capture.py,general
test_module_paths.py,general
test_shimmodule.py,general
test_wildcard.py,general
__init__.py,general
__init__.py,general
test_storemagic.py,general
skipdoctest.py,general
__init__.py,general
globalipapp.py,general
ipunittest.py,general
decorators.py,general
test_ipunittest.py,general
test_decorators.py,general
__init__.py,general
test_tools.py,general
test_ipdoctest.py,general
dtexample.py,general
__init__.py,general
test_refs.py,general
setup.py,general
simplevars.py,general
simple.py,general
__init__.py,general
qt_for_kernel.py,general
test_qt_loaders.py,general
__init__.py,general
client.py,general
__init__.py,general
client.py,general
__init__.py,general
__init__.py,general
forward.py,general
__init__.py,general
restarter.py,automation
manager.py,general
__init__.py,general
gapic_metadata_pb2.py,general
es256.py,general
_python_rsa.py,general
rsa.py,general
__init__.py,general
_cryptography_rsa.py,general
base.py,general
_helpers.py,general
operations_pb2_grpc.py,general
operations_pb2.py,general
operations_grpc.py,general
month_pb2.py,general
quaternion_pb2.py,general
latlng_pb2.py,general
timeofday_pb2.py,general
money_pb2.py,general
fraction_pb2.py,general
interval_pb2.py,general
phone_number_pb2.py,general
postal_address_pb2.py,general
dayofweek_pb2.py,general
localized_text_pb2.py,general
calendar_period_pb2.py,general
datetime_pb2.py,general
date_pb2.py,general
expr_pb2.py,general
decimal_pb2.py,general
color_pb2.py,general
extended_operations_pb2.py,general
locations_pb2.py,general
source_info_pb2.py,general
launch_stage_pb2.py,general
context_pb2.py,general
quota_pb2.py,general
endpoint_pb2.py,general
consumer_pb2.py,general
service_pb2.py,general
distribution_pb2.py,general
annotations_pb2.py,general
http_pb2.py,general
field_info_pb2.py,general
field_behavior_pb2.py,general
httpbody_pb2.py,general
routing_pb2.py,general
log_pb2.py,general
visibility_pb2.py,general
error_reason_pb2.py,general
backend_pb2.py,general
monitoring_pb2.py,general
system_parameter_pb2.py,general
usage_pb2.py,general
config_change_pb2.py,general
label_pb2.py,general
billing_pb2.py,general
logging_pb2.py,general
policy_pb2.py,general
resource_pb2.py,general
control_pb2.py,general
auth_pb2.py,general
monitored_resource_pb2.py,general
documentation_pb2.py,general
metric_pb2.py,general
status_pb2.py,general
http_pb2.py,general
code_pb2.py,general
audit_context_pb2.py,general
extended_operation.py,general
rest_helpers.py,general
datetime_helpers.py,general
version.py,general
page_iterator.py,general
iam.py,general
rest_streaming.py,api
client_info.py,general
timeout.py,general
__init__.py,general
retry_async.py,general
operation.py,general
operation_async.py,general
universe.py,general
client_options.py,general
protobuf_helpers.py,general
bidi.py,automation
general_helpers.py,general
__init__.py,general
operations_client_config.py,general
pagers.py,general
rest.py,general
__init__.py,general
base.py,general
retry_unary_async.py,automation
__init__.py,general
retry_unary.py,automation
retry_base.py,automation
retry_streaming_async.py,automation
config.py,general
client_info.py,general
__init__.py,general
method.py,general
config_async.py,general
routing_header.py,general
method_async.py,general
async_future.py,general
__init__.py,general
polling.py,general
base.py,general
_helpers.py,general
http_request_pb2.py,general
log_severity_pb2.py,general
service.py,general
json_format.py,general
unknown_fields.py,general
text_format.py,general
text_encoding.py,general
proto_builder.py,general
wrappers_pb2.py,general
descriptor_pb2.py,general
symbol_database.py,general
reflection.py,general
field_mask_pb2.py,general
message_factory.py,general
__init__.py,general
empty_pb2.py,general
api_pb2.py,general
source_context_pb2.py,general
any_pb2.py,general
duration_pb2.py,general
struct_pb2.py,general
descriptor_database.py,general
type_pb2.py,general
descriptor_pool.py,general
timestamp_pb2.py,general
__init__.py,general
__init__.py,general
well_known_types.py,general
api_implementation.py,general
__init__.py,general
builder.py,general
python_message.py,general
__init__.py,general
cpp_message.py,general
plugin_pb2.py,general
__init__.py,general
__init__.py,general
retrieval.py,general
_attrs.py,general
exceptions.py,general
typing.py,general
test_retrieval.py,general
test_exceptions.py,general
__init__.py,general
test_referencing_suite.py,general
__init__.py,general
cache.py,automation
__init__.py,general
common.py,general
utils.py,general
debug.py,automation
settings.py,general
file_io.py,general
_compatibility.py,general
__main__.py,general
test_release.py,general
test_package.py,general
test_exceptions.py,general
__init__.py,general
test_client.py,general
release.py,general
client.py,api
__init__.py,general
exceptions.py,general
parse.py,api
keys.py,general
func.py,automation
_version.py,general
util.py,general
jsonutil.py,general
__init__.py,general
exceptions.py,general
output_widget.py,general
_version.py,general
__init__.py,general
__init__.py,general
__init__.py,general
__pip-runner__.py,general
__main__.py,general
selection_prefs.py,general
index.py,general
target_python.py,general
__init__.py,general
search_scope.py,general
candidate.py,general
format_control.py,general
installation_report.py,general
scheme.py,general
wheel.py,general
__init__.py,general
editable_legacy.py,general
__init__.py,general
wheel_legacy.py,general
metadata.py,general
metadata_editable.py,general
wheel_editable.py,general
__init__.py,general
metadata_legacy.py,general
wheel.py,general
build_tracker.py,general
__init__.py,general
base.py,general
__init__.py,general
_distutils.py,general
base.py,general
_json.py,general
__init__.py,general
__init__.py,general
sdist.py,general
installed.py,general
base.py,general
wheel.py,general
__init__.py,general
exceptions.py,general
ext.py,general
__init__.py,general
chardetect.py,general
__init__.py,general
__init__.py,general
__init__.py,general
__main__.py,general
__init__.py,general
win32.py,general
ansi.py,general
initialise.py,general
isatty_test.py,general
initialise_test.py,general
__init__.py,general
ansi_test.py,general
utils.py,general
winterm_test.py,general
wrapper.py,api
filewrapper.py,general
heuristics.py,automation
adapter.py,general
cache.py,general
__init__.py,general
_cmd.py,api
file_cache.py,general
__init__.py,general
redis_cache.py,general
_types.py,general
__init__.py,general
_re.py,automation
__init__.py,general
core.py,general
__main__.py,general
__init__.py,general
_compat.py,general
__init__.py,general
__init__.py,general
__init__.py,general
makefile.py,general
weakref_finalize.py,general
__init__.py,general
providers.py,general
structs.py,general
reporters.py,general
__init__.py,general
collections_abc.py,general
__init__.py,general
caresresolver.py,general
twisted.py,general
__init__.py,general
core.py,general
__main__.py,general
__init__.py,general
cli.py,general
utils.py,general
base.py,general
__init__.py,general
base.py,general
deduplicate.py,general
filesystem.py,general
__init__.py,general
word_completer.py,general
nested.py,general
__init__.py,general
system.py,general
__init__.py,general
completion.py,general
__init__.py,general
lexer.py,general
validation.py,general
server.py,general
__init__.py,general
log.py,general
protocol.py,general
__init__.py,general
__init__.py,general
pygments.py,general
html.py,general
__init__.py,general
utils.py,general
base.py,general
__init__.py,general
win32.py,general
async_generator.py,general
utils.py,automation
inputhook.py,general
run_in_terminal.py,general
__init__.py,general
current.py,general
dummy.py,general
pyperclip.py,general
__init__.py,general
base.py,general
in_memory.py,general
validator_creation.py,general
unused_registry.py,general
issue232.py,general
__init__.py,general
json_schema_test_suite.py,general
contains.py,general
subcomponents.py,general
nested_schemas.py,general
util.py,general
_fork_pty.py,general
__init__.py,general
readme_gen.py,automation
__init__.py,general
conftest.py,general
_version.py,general
__init__.py,general
__main__.py,general
regexremove.py,general
clearmetadata.py,general
execute.py,general
csshtmlheader.py,general
extractoutput.py,general
__init__.py,general
extractattachments.py,general
coalescestreams.py,general
latex.py,general
highlightmagics.py,general
sanitize.py,general
tagremove.py,general
convertfigures.py,general
base.py,general
clearoutput.py,general
svg2pdf.py,automation
files.py,general
__init__.py,general
debug.py,general
stdout.py,general
base.py,general
__init__.py,general
__init__.py,general
serve.py,general
base.py,general
version.py,general
iso639_1.py,general
pandoc.py,automation
io.py,general
__init__.py,general
text.py,general
exceptions.py,general
_contextlib_chdir.py,general
base.py,general
lexers.py,general
__init__.py,general
_core.py,general
__init__.py,general
test_jsonschema_specifications.py,general
__init__.py,general
context.py,automation
_meta.py,general
_text.py,general
_functools.py,general
_collections.py,general
_itertools.py,general
_adapters.py,general
_compat.py,general
__init__.py,general
readers.py,general
_common.py,general
__init__.py,general
_itertools.py,general
_adapters.py,general
_compat.py,general
_legacy.py,general
simple.py,general
abc.py,general
_types.py,general
__init__.py,general
_re.py,automation
__init__.py,general
__init__.py,general
__init__.py,general
context.py,automation
__init__.py,general
readers.py,general
_common.py,general
__init__.py,general
_itertools.py,general
_adapters.py,general
_compat.py,general
_legacy.py,general
simple.py,general
abc.py,general
__init__.py,general
__init__.py,general
override.py,general
__init__.py,general
grammar_parser.py,general
_version.py,general
log.py,general
__init__.py,general
test_traitlets.py,general
__init__.py,general
utils.py,general
bunch.py,general
getargspec.py,general
warnings.py,general
__init__.py,general
text.py,general
nested_update.py,general
importstring.py,general
sentinel.py,general
descriptions.py,general
decorators.py,general
_typing.py,general
error.py,general
asyncio.py,general
__init__.py,general
decorators.py,general
device.py,general
__init__.py,general
poll.py,general
__init__.py,general
ioloop.py,general
zmqstream.py,general
version.py,general
attrsettr.py,general
__init__.py,general
stopwatch.py,automation
frame.py,general
tracker.py,automation
poll.py,general
thread.py,general
certs.py,general
asyncio.py,general
__init__.py,general
ioloop.py,general
strtypes.py,general
monitor.py,general
__init__.py,general
win32.py,general
interop.py,general
jsonapi.py,general
z85.py,general
garbage.py,general
__init__.py,general
select.py,general
_poll.py,general
error.py,general
__init__.py,general
message.py,general
context.py,general
utils.py,general
devices.py,general
__init__.py,general
forward.py,general
_deprecated.py,automation
__init__.py,general
ioloop.py,general
future.py,general
__init__.py,general
__main__.py,general
monitoredqueue.py,general
__init__.py,general
monitoredqueuedevice.py,general
proxydevice.py,general
proxysteerabledevice.py,general
__init__.py,general
orderedset.py,general
api.py,general
template.py,general
__init__.py,general
rebuild.py,general
__init__.py,general
CreateVideo.py,general
GenerateTexts.py,general
upload_video.py,automation
audio.py,general
main.py,multimedia
csv-output.py,data_processing
txt-csv.py,data_processing
config.py,general
organize.py,data_processing
docs.py,data_processing
other.py,data_processing
copy.py,data_processing
vids.py,data_processing
audio.py,data_processing
copy2.py,data_processing
convert.py,general
gdrive.py,general
vance.py,error
mp3.py,automation
upscale-.py,general
motion-upload.py,"api, automation"
imgmp4.py,general
upscale 3.py,general
upscale.py,general
upscale copy.py,general
img2img.py,general
web-png-upscale.py,general
imgconvert.py,general
motion-upload copy.py,"api, automation"
web-png-upscale copy.py,general
img-img-upscale.py,general
motion-upload 2.py,"api, automation"
upscale3.py,general
scancsv.py,data_processing
convert-loop2.py,"api, data_processing, automation"
upscale-.py,general
batch-info.py,api
upscale.py,general
leocsv.py,"api, data_processing, automation"
generate_songs_csv.py,data_processing
upscaled.py,"api, data_processing, automation"
generate_songs_csv.py,data_processing
transcribe_mp3.py,general
youtube.py,data_processing
ytube.py,data_processing
youtube2.py,data_processing
create_video.py,general
transcribe.py,general
analyze.py,general
create_video.py,general
transcribe.py,api
analyze.py,api
mp4-trans.py,"api, automation"
test.py,api
transcribe.py,api
analyze.py,error
