Filename,Duration,File Size,Creation Date,Original Path
Bite-in-the-night-acapella.MP3,0:22,354.99 KB,06-02-25,/Users/steven/Music/nocTurneMeLoDieS/Media/Bite-in-the-night-acapella.MP3
in-this--aLLey-where-i-hiDe_1_1 copy.MP3,3:13,3.14 MB,06-02-25,/Users/steven/Music/nocTurneMeLoDieS/Media/in-this--aLLey-where-i-hiDe_1_1 copy.MP3
Willow_whispers-322.MP3,3:21,3.08 MB,06-02-25,/Users/steven/Music/nocTurneMeLoDieS/Media/Willow_whispers-322.MP3
in This aLLey Where i HiDe-oG (Remix)305.mp3,3:05,4.22 MB,06-02-25,/Users/steven/Music/nocTurneMeLoDieS/Media/in This aLLey Where i HiDe-oG (Remix)305/in This aLLey Where i HiDe-oG (Remix)305.mp3
No More Love Songs207.mp3,2:07,3.02 MB,06-02-25,/Users/steven/Music/nocTurneMeLoDieS/Media/No More Love Songs207/No More Love Songs207.mp3
The Sound of Ancestors.mp3,2:10,2.00 MB,06-02-25,/Users/steven/Music/nocTurneMeLoDieS/Media/The Sound of Ancestors/The Sound of Ancestors.mp3
In The Hollow233.mp3,2:33,3.39 MB,06-02-25,/Users/steven/Music/nocTurneMeLoDieS/Media/In The Hollow233/In The Hollow233.mp3
No More Love Songs (Remastered)107.mp3,1:05,1.01 MB,06-02-25,/Users/steven/Music/nocTurneMeLoDieS/Media/No More Love Songs (Remastered)107/No More Love Songs (Remastered)107.mp3
Willow_whispers-duo-v4.mp3,2:49,2.59 MB,06-02-25,/Users/steven/Music/nocTurneMeLoDieS/Media/Willow_whispers-duo-v4/Willow_whispers-duo-v4.mp3
No More Love Songs - Encore.mp3,3:38,3.34 MB,06-02-25,/Users/steven/Music/nocTurneMeLoDieS/Media/No More Love Songs - Encore/No More Love Songs - Encore.mp3
Beautiful_Mess_Indie_Folk_Acoustic.mp3,3:40,5.04 MB,06-02-25,/Users/steven/Music/nocTurneMeLoDieS/Media/Beautiful_Mess_Indie_Folk_Acoustic/Beautiful_Mess_Indie_Folk_Acoustic.mp3
in This aLLey Where i HiDe (Remastered x2).mp3,3:15,4.33 MB,06-02-25,/Users/steven/Music/nocTurneMeLoDieS/Media/in This aLLey Where i HiDe (Remastered x2)/in This aLLey Where i HiDe (Remastered x2).mp3
No More Love Songs (Remastered) (2).mp3,2:31,2.31 MB,06-02-25,/Users/steven/Music/nocTurneMeLoDieS/Media/No More Love Songs (Remastered) (2)/No More Love Songs (Remastered) (2).mp3
Beautiful_Mess_Whimsical_Story.mp3,3:40,5.04 MB,06-02-25,/Users/steven/Music/nocTurneMeLoDieS/Media/Beautiful_Mess_Whimsical_Story/Beautiful_Mess_Whimsical_Story.mp3
No More Love Songs (Remastered).mp3,2:31,2.31 MB,06-02-25,/Users/steven/Music/nocTurneMeLoDieS/Media/No More Love Songs (Remastered)/No More Love Songs (Remastered).mp3
in This aLLey Where i HiDe-oG (Remix)254 (1).mp3,2:54,4.08 MB,06-02-25,/Users/steven/Music/nocTurneMeLoDieS/Media/in This aLLey Where i HiDe-oG (Remix)254 (1)/in This aLLey Where i HiDe-oG (Remix)254 (1).mp3
Kings_and_Queens_of_Litter_(Remastered)1_2.mp3,3:59,5.49 MB,06-02-25,/Users/steven/Music/nocTurneMeLoDieS/Media/Kings_and_Queens_of_Litter_(Remastered)1_2/Kings_and_Queens_of_Litter_(Remastered)1_2.mp3
In The Hollow156-pt2.mp3,1:56,2.80 MB,06-02-25,/Users/steven/Music/nocTurneMeLoDieS/Media/In The Hollow156-pt2/In The Hollow156-pt2.mp3
Moonly_Alley.mp3,0:51,1.21 MB,06-02-25,/Users/steven/Music/nocTurneMeLoDieS/Media/Moonly_Alley/Moonly_Alley.mp3
Heroes Rise  - Villains Overthrow (Remastered) (Remix)237.mp3,2:37,3.75 MB,06-02-25,/Users/steven/Music/nocTurneMeLoDieS/Media/Heroes Rise  - Villains Overthrow (Remastered) (Remix)237/Heroes Rise  - Villains Overthrow (Remastered) (Remix)237.mp3
Enchanted Woods2.mp3,2:37,2.51 MB,06-02-25,/Users/steven/Music/nocTurneMeLoDieS/Media/Enchanted Woods2/Enchanted Woods2.mp3
in This aLLey Where i HiDe-oG (Remix)303.mp3,3:03,3.98 MB,06-02-25,/Users/steven/Music/nocTurneMeLoDieS/Media/in This aLLey Where i HiDe-oG (Remix)303/in This aLLey Where i HiDe-oG (Remix)303.mp3
in This aLLey Where i HiDe-reflective.mp3,2:33,2.34 MB,06-02-25,/Users/steven/Music/nocTurneMeLoDieS/Media/in This aLLey Where i HiDe-reflective/in This aLLey Where i HiDe-reflective.mp3
in This aLLey Where i HiDe-oG (Remix)322 (1).mp3,3:22,4.64 MB,06-02-25,/Users/steven/Music/nocTurneMeLoDieS/Media/in This aLLey Where i HiDe-oG (Remix)322 (1)/in This aLLey Where i HiDe-oG (Remix)322 (1).mp3
Junkyard Symphony Scraps (Remastered).mp3,3:10,2.91 MB,06-02-25,/Users/steven/Music/nocTurneMeLoDieS/Media/Junkyard Symphony Scraps (Remastered)/Junkyard Symphony Scraps (Remastered).mp3
Royalty of Refuse.mp3,3:46,3.46 MB,06-02-25,/Users/steven/Music/nocTurneMeLoDieS/Media/Royalty of Refuse/Royalty of Refuse.mp3
in This aLLey Where i HiDe-oG (Remix)304.mp3,3:04,4.22 MB,06-02-25,/Users/steven/Music/nocTurneMeLoDieS/Media/in This aLLey Where i HiDe-oG (Remix)304/in This aLLey Where i HiDe-oG (Remix)304.mp3
Recycled_Symphony2_(Remastered).mp3,3:02,4.18 MB,06-02-25,/Users/steven/Music/nocTurneMeLoDieS/Media/Recycled_Symphony2_(Remastered)/Recycled_Symphony2_(Remastered).mp3
Willow Tree (Remix)-154.mp3,1:54,2.65 MB,06-02-25,/Users/steven/Music/nocTurneMeLoDieS/Media/Willow Tree (Remix)-154/Willow Tree (Remix)-154.mp3
Echoes of Yesterday (Remastered).mp3,3:29,3.19 MB,06-02-25,/Users/steven/Music/nocTurneMeLoDieS/Media/Echoes of Yesterday (Remastered)/Echoes of Yesterday (Remastered).mp3
bite in the night229 .mp3,2:29,3.61 MB,06-02-25,/Users/steven/Music/nocTurneMeLoDieS/Media/bite in the night229 /bite in the night229 .mp3
bite in the night338.mp3,3:38,4.88 MB,06-02-25,/Users/steven/Music/nocTurneMeLoDieS/Media/bite in the night338/bite in the night338.mp3
Willow_whispers-v4-2-1.mp3,3:57,3.63 MB,06-02-25,/Users/steven/Music/nocTurneMeLoDieS/Media/Willow_whispers-v4-2-1/Willow_whispers-v4-2-1.mp3
Love is rubbish Let's Get Trashy (Remix)304.mp3,3:04,4.13 MB,06-02-25,/Users/steven/Music/nocTurneMeLoDieS/Media/Love is rubbish Let's Get Trashy (Remix)304/Love is rubbish Let's Get Trashy (Remix)304.mp3
Echoes_of_the_Junkyard-v4.mp3,2:39,3.64 MB,06-02-25,/Users/steven/Music/nocTurneMeLoDieS/Media/Echoes_of_the_Junkyard-v4/Echoes_of_the_Junkyard-v4.mp3
Willow_whispers-feelers-chill.mp3,3:48,3.49 MB,06-02-25,/Users/steven/Music/nocTurneMeLoDieS/Media/Willow_whispers-feelers-chill/Willow_whispers-feelers-chill.mp3
Love is rubbish Let's Get Trashy (Remix)332.mp3,3:32,4.96 MB,06-02-25,/Users/steven/Music/nocTurneMeLoDieS/Media/Love is rubbish Let's Get Trashy (Remix)332/Love is rubbish Let's Get Trashy (Remix)332.mp3
in This aLLey Where i HiDe-oG (Remix)254 (2).mp3,2:54,4.14 MB,06-02-25,/Users/steven/Music/nocTurneMeLoDieS/Media/in This aLLey Where i HiDe-oG (Remix)254 (2)/in This aLLey Where i HiDe-oG (Remix)254 (2).mp3
in This aLLey Where i HiDe-oG (Remix)530.mp3,5:30,6.66 MB,06-02-25,/Users/steven/Music/nocTurneMeLoDieS/Media/in This aLLey Where i HiDe-oG (Remix)530/in This aLLey Where i HiDe-oG (Remix)530.mp3
Echoes-of-Yesterday.mp3,3:30,4.82 MB,06-02-25,/Users/steven/Music/nocTurneMeLoDieS/Media/Echoes-of-Yesterday/Echoes-of-Yesterday.mp3
in This aLLey Where i HiDe-oG (Remix)-grity232.mp3,2:32,3.19 MB,06-02-25,/Users/steven/Music/nocTurneMeLoDieS/Media/in This aLLey Where i HiDe-oG (Remix)-grity232/in This aLLey Where i HiDe-oG (Remix)-grity232.mp3
in This aLLey Where i HiDe (Remastered x2) (1).mp3,3:15,4.29 MB,06-02-25,/Users/steven/Music/nocTurneMeLoDieS/Media/in This aLLey Where i HiDe (Remastered x2) (1)/in This aLLey Where i HiDe (Remastered x2) (1).mp3
Willow_whispers-indie-folk-feelers.mp3,2:57,4.07 MB,06-02-25,/Users/steven/Music/nocTurneMeLoDieS/Media/Willow_whispers-indie-folk-feelers/Willow_whispers-indie-folk-feelers.mp3
Kings and Queens of Litter (Remastered)1 (3).mp3,3:13,2.95 MB,06-02-25,/Users/steven/Music/nocTurneMeLoDieS/Media/Kings and Queens of Litter (Remastered)1 (3)/Kings and Queens of Litter (Remastered)1 (3).mp3
The Sound of Ancestors (Remastered).mp3,2:10,2.00 MB,06-02-25,/Users/steven/Music/nocTurneMeLoDieS/Media/The Sound of Ancestors (Remastered)/The Sound of Ancestors (Remastered).mp3
witched Road (Remix)234.mp3,2:34,3.51 MB,06-02-25,/Users/steven/Music/nocTurneMeLoDieS/Media/witched Road (Remix)234/witched Road (Remix)234.mp3
Bite in the Night (Remastered).mp3,3:59,3.66 MB,06-02-25,/Users/steven/Music/nocTurneMeLoDieS/Media/Bite in the Night (Remastered)/Bite in the Night (Remastered).mp3
Willow Tree (Remix)-142 (1).mp3,1:42,2.50 MB,06-02-25,/Users/steven/Music/nocTurneMeLoDieS/Media/Willow Tree (Remix)-142 (1)/Willow Tree (Remix)-142 (1).mp3
in This aLLey Where i HiDe-oG (Remix)249.mp3,2:49,3.74 MB,06-02-25,/Users/steven/Music/nocTurneMeLoDieS/Media/in This aLLey Where i HiDe-oG (Remix)249/in This aLLey Where i HiDe-oG (Remix)249.mp3
In_the_Junkyard_I_find.mp3,2:43,2.50 MB,06-02-25,/Users/steven/Music/nocTurneMeLoDieS/Media/In_the_Junkyard_I_find/In_the_Junkyard_I_find.mp3
bite in the night323 .mp3,3:23,4.36 MB,06-02-25,/Users/steven/Music/nocTurneMeLoDieS/Media/bite in the night323 /bite in the night323 .mp3
Willow Tree (Remix)-214.mp3,2:14,2.95 MB,06-02-25,/Users/steven/Music/nocTurneMeLoDieS/Media/Willow Tree (Remix)-214/Willow Tree (Remix)-214.mp3
in This aLLey Where i HiDe-oG (Remix)-grity259.mp3,2:59,4.23 MB,06-02-25,/Users/steven/Music/nocTurneMeLoDieS/Media/in This aLLey Where i HiDe-oG (Remix)-grity259/in This aLLey Where i HiDe-oG (Remix)-grity259.mp3
Willow_whispers-v4.mp3,3:50,3.52 MB,06-02-25,/Users/steven/Music/nocTurneMeLoDieS/Media/Willow_whispers-v4/Willow_whispers-v4.mp3
Heroes Rise  - Villains Overthrow (Remastered).mp3,1:57,1.80 MB,06-02-25,/Users/steven/Music/nocTurneMeLoDieS/Media/Heroes Rise  - Villains Overthrow (Remastered)/Heroes Rise  - Villains Overthrow (Remastered).mp3
Blues-in-the-Moonlit-Nights.mp3,2:51,3.92 MB,06-02-25,/Users/steven/Music/nocTurneMeLoDieS/Media/Blues-in-the-Moonlit-Nights/Blues-in-the-Moonlit-Nights.mp3
Echoes_of_Love_(1).mp3,3:09,4.35 MB,06-02-25,/Users/steven/Music/nocTurneMeLoDieS/Media/Echoes_of_Love_(1)/Echoes_of_Love_(1).mp3
bite in the night227.mp3,2:27,3.18 MB,06-02-25,/Users/steven/Music/nocTurneMeLoDieS/Media/bite in the night227/bite in the night227.mp3
Echoes of the Junkyard.mp3,2:39,3.65 MB,06-02-25,/Users/steven/Music/nocTurneMeLoDieS/Media/Echoes of the Junkyard/Echoes of the Junkyard.mp3
Sammy's Serenade (Remastered x2) LadyGroup.mp3,3:55,5.18 MB,06-02-25,/Users/steven/Music/nocTurneMeLoDieS/Media/Sammy's Serenade (Remastered x2) LadyGroup/Sammy's Serenade (Remastered x2) LadyGroup.mp3
Willow_whispers(Remastered)1.mp3,3:57,3.63 MB,06-02-25,/Users/steven/Music/nocTurneMeLoDieS/Media/Willow_whispers(Remastered)1/Willow_whispers(Remastered)1.mp3
in This aLLey Where i HiDe-oG.mp3,3:14,2.97 MB,06-02-25,/Users/steven/Music/nocTurneMeLoDieS/Media/in This aLLey Where i HiDe-oG/in This aLLey Where i HiDe-oG.mp3
in_This_aLLey_Where_i_HiDe2.mp3,2:38,2.42 MB,06-02-25,/Users/steven/Music/nocTurneMeLoDieS/Media/in_This_aLLey_Where_i_HiDe2/in_This_aLLey_Where_i_HiDe2.mp3
Folk Song of a Dark Traveler236.mp3,2:36,3.54 MB,06-02-25,/Users/steven/Music/nocTurneMeLoDieS/Media/Folk Song of a Dark Traveler236/Folk Song of a Dark Traveler236.mp3
No More Love Songs344.mp3,3:44,4.98 MB,06-02-25,/Users/steven/Music/nocTurneMeLoDieS/Media/No More Love Songs344/No More Love Songs344.mp3
Folk Song of a Dark Traveler253.mp3,2:53,3.83 MB,06-02-25,/Users/steven/Music/nocTurneMeLoDieS/Media/Folk Song of a Dark Traveler253/Folk Song of a Dark Traveler253.mp3
in This aLLey Where i HiDe-oG (Remix)-grity251.mp3,2:51,4.28 MB,06-02-25,/Users/steven/Music/nocTurneMeLoDieS/Media/in This aLLey Where i HiDe-oG (Remix)-grity251/in This aLLey Where i HiDe-oG (Remix)-grity251.mp3
Willow_whispers-feelers-chill (5).mp3,2:18,2.12 MB,06-02-25,/Users/steven/Music/nocTurneMeLoDieS/Media/Willow_whispers-feelers-chill (5)/Willow_whispers-feelers-chill (5).mp3
Unraveling the Cosmic Dance The Void Phi and Fibonacci in Lifes Infinite Game.mp3,8:30,2.92 MB,06-02-25,/Users/steven/Music/nocTurneMeLoDieS/Media/Unraveling the Cosmic Dance The Void Phi and Fibonacci in Lifes Infinite Game/Unraveling the Cosmic Dance The Void Phi and Fibonacci in Lifes Infinite Game.mp3
The Cosmic Dance of Creation From Void to Reality.mp3,6:43,2.31 MB,06-02-25,/Users/steven/Music/nocTurneMeLoDieS/Media/The Cosmic Dance of Creation From Void to Reality/The Cosmic Dance of Creation From Void to Reality.mp3
Heartbeats_in_the_Dark2_(Remastered)_(1).mp3,3:59,5.49 MB,06-02-25,/Users/steven/Music/nocTurneMeLoDieS/Media/Heartbeats_in_the_Dark2_(Remastered)_(1)/Heartbeats_in_the_Dark2_(Remastered)_(1).mp3
in This aLLey Where i HiDe-oG (Remix)-grity256.mp3,2:56,3.95 MB,06-02-25,/Users/steven/Music/nocTurneMeLoDieS/Media/in This aLLey Where i HiDe-oG (Remix)-grity256/in This aLLey Where i HiDe-oG (Remix)-grity256.mp3
Willow_whispers-v4-2.mp3,3:58,3.64 MB,06-02-25,/Users/steven/Music/nocTurneMeLoDieS/Media/Willow_whispers-v4-2/Willow_whispers-v4-2.mp3
in This aLLey Where i HiDe-oG (Remix)252.mp3,2:52,3.98 MB,06-02-25,/Users/steven/Music/nocTurneMeLoDieS/Media/in This aLLey Where i HiDe-oG (Remix)252/in This aLLey Where i HiDe-oG (Remix)252.mp3
Love is rubbish Let's Get Trashy (Remix)304-folk.mp3,3:04,4.29 MB,06-02-25,/Users/steven/Music/nocTurneMeLoDieS/Media/Love is rubbish Let's Get Trashy (Remix)304-folk/Love is rubbish Let's Get Trashy (Remix)304-folk.mp3
Willow Tree (Remix)-206.mp3,2:06,2.75 MB,06-02-25,/Users/steven/Music/nocTurneMeLoDieS/Media/Willow Tree (Remix)-206/Willow Tree (Remix)-206.mp3
Junkyard_Symphony_Scraps_(Remastered).mp3,3:11,4.39 MB,06-02-25,/Users/steven/Music/nocTurneMeLoDieS/Media/Junkyard_Symphony_Scraps_(Remastered)/Junkyard_Symphony_Scraps_(Remastered).mp3
Sammy's Serenade (Remastered x2)2-1.mp3,3:54,5.41 MB,06-02-25,/Users/steven/Music/nocTurneMeLoDieS/Media/Sammy's Serenade (Remastered x2)2-1/Sammy's Serenade (Remastered x2)2-1.mp3
bite in the night258.mp3,2:58,4.23 MB,06-02-25,/Users/steven/Music/nocTurneMeLoDieS/Media/bite in the night258/bite in the night258.mp3
Sammy's Serenade (Remastered x2)2.mp3,3:54,5.28 MB,06-02-25,/Users/steven/Music/nocTurneMeLoDieS/Media/Sammy's Serenade (Remastered x2)2/Sammy's Serenade (Remastered x2)2.mp3
Love in Imperfection.mp3,3:39,3.41 MB,06-02-25,/Users/steven/Music/nocTurneMeLoDieS/Media/Love in Imperfection/Love in Imperfection.mp3
Kings and Queens of Litter (Remastered)1 (4).mp3,3:58,3.64 MB,06-02-25,/Users/steven/Music/nocTurneMeLoDieS/Media/Kings and Queens of Litter (Remastered)1 (4)/Kings and Queens of Litter (Remastered)1 (4).mp3
Recycled-Symphony2.mp3,3:02,4.19 MB,06-02-25,/Users/steven/Music/nocTurneMeLoDieS/Media/Recycled-Symphony2/Recycled-Symphony2.mp3
The Alley King (Remastered).mp3,2:37,2.41 MB,06-02-25,/Users/steven/Music/nocTurneMeLoDieS/Media/The Alley King (Remastered)/The Alley King (Remastered).mp3
Project 2025.mp3,3:09,4.33 MB,06-02-25,/Users/steven/Music/nocTurneMeLoDieS/Media/Project 2025/Project 2025.mp3
in This aLLey Where i HiDe-oG (Remix).mp3,3:01,3.99 MB,06-02-25,/Users/steven/Music/nocTurneMeLoDieS/Media/in This aLLey Where i HiDe-oG (Remix)/in This aLLey Where i HiDe-oG (Remix).mp3
No More Love Songs - Encore (Remastered) (1).mp3,3:39,4.81 MB,06-02-25,/Users/steven/Music/nocTurneMeLoDieS/Media/No More Love Songs - Encore (Remastered) (1)/No More Love Songs - Encore (Remastered) (1).mp3
Heroes Rise  - Villains Overthrow (Remastered) (Remix)304.mp3,3:04,4.27 MB,06-02-25,/Users/steven/Music/nocTurneMeLoDieS/Media/Heroes Rise  - Villains Overthrow (Remastered) (Remix)304/Heroes Rise  - Villains Overthrow (Remastered) (Remix)304.mp3
My Junkyard Symphony.mp3,2:11,2.06 MB,06-02-25,/Users/steven/Music/nocTurneMeLoDieS/Media/My Junkyard Symphony/My Junkyard Symphony.mp3
in This aLLey Where i HiDe-oG (Remix)239.mp3,2:39,3.54 MB,06-02-25,/Users/steven/Music/nocTurneMeLoDieS/Media/in This aLLey Where i HiDe-oG (Remix)239/in This aLLey Where i HiDe-oG (Remix)239.mp3
Bite in the Night-4m-xtra.mp3,3:59,3.66 MB,06-02-25,/Users/steven/Music/nocTurneMeLoDieS/Media/Bite in the Night-4m-xtra/Bite in the Night-4m-xtra.mp3
Willow_whispers-feelers-chill (Remastered x2) (1).mp3,3:49,4.80 MB,06-02-25,/Users/steven/Music/nocTurneMeLoDieS/Media/Willow_whispers-feelers-chill (Remastered x2) (1)/Willow_whispers-feelers-chill (Remastered x2) (1).mp3
Hope from Broken Parts.mp3,3:03,4.19 MB,06-02-25,/Users/steven/Music/nocTurneMeLoDieS/Media/Hope from Broken Parts/Hope from Broken Parts.mp3
in This aLLey Where i HiDe-oG (Remix)254.mp3,2:54,4.09 MB,06-02-25,/Users/steven/Music/nocTurneMeLoDieS/Media/in This aLLey Where i HiDe-oG (Remix)254/in This aLLey Where i HiDe-oG (Remix)254.mp3
witched Road (Remix)245.mp3,2:45,3.42 MB,06-02-25,/Users/steven/Music/nocTurneMeLoDieS/Media/witched Road (Remix)245/witched Road (Remix)245.mp3
Heroes Rise  - Villains Overthrow (Remastered)232.mp3,2:32,3.73 MB,06-02-25,/Users/steven/Music/nocTurneMeLoDieS/Media/Heroes Rise  - Villains Overthrow (Remastered)232/Heroes Rise  - Villains Overthrow (Remastered)232.mp3
No More Love Songs - Encore (Remastered) (2).mp3,3:39,4.69 MB,06-02-25,/Users/steven/Music/nocTurneMeLoDieS/Media/No More Love Songs - Encore (Remastered) (2)/No More Love Songs - Encore (Remastered) (2).mp3
Willow_whispers-v4-og.mp3,3:58,5.47 MB,06-02-25,/Users/steven/Music/nocTurneMeLoDieS/Media/Willow_whispers-v4-og/Willow_whispers-v4-og.mp3
Willow_whispers-feelers-chill (2).mp3,1:01,969.00 KB,06-02-25,/Users/steven/Music/nocTurneMeLoDieS/Media/Willow_whispers-feelers-chill (2)/Willow_whispers-feelers-chill (2).mp3
Love is rubbish Let's Get Trashy (Remix)254.mp3,2:54,4.33 MB,06-02-25,/Users/steven/Music/nocTurneMeLoDieS/Media/Love is rubbish Let's Get Trashy (Remix)254/Love is rubbish Let's Get Trashy (Remix)254.mp3
Island_of_Dreams.mp3,2:53,3.98 MB,06-02-25,/Users/steven/Music/nocTurneMeLoDieS/Media/Island_of_Dreams/Island_of_Dreams.mp3
Willow Whispers.mp3,3:59,5.55 MB,06-02-25,/Users/steven/Music/nocTurneMeLoDieS/Media/Willow Whispers/Willow Whispers.mp3
Recycled_Symphony2.1_(Remastered).mp3,3:01,2.78 MB,06-02-25,/Users/steven/Music/nocTurneMeLoDieS/Media/Recycled_Symphony2.1_(Remastered)/Recycled_Symphony2.1_(Remastered).mp3
Folk Song of a Dark Traveler224.mp3,2:24,3.32 MB,06-02-25,/Users/steven/Music/nocTurneMeLoDieS/Media/Folk Song of a Dark Traveler224/Folk Song of a Dark Traveler224.mp3
Junkyard Kings.mp3,3:59,3.70 MB,06-02-25,/Users/steven/Music/nocTurneMeLoDieS/Media/Junkyard Kings/Junkyard Kings.mp3
In The Hollow (Remix)259.mp3,2:59,4.04 MB,06-02-25,/Users/steven/Music/nocTurneMeLoDieS/Media/In The Hollow (Remix)259/In The Hollow (Remix)259.mp3
No More Love Songs No More Lies v4-2.mp3,2:30,2.30 MB,06-02-25,/Users/steven/Music/nocTurneMeLoDieS/Media/No More Love Songs No More Lies v4-2/No More Love Songs No More Lies v4-2.mp3
Willow Tree (Remix)-059.mp3,0:59,1.33 MB,06-02-25,/Users/steven/Music/nocTurneMeLoDieS/Media/Willow Tree (Remix)-059/Willow Tree (Remix)-059.mp3
Willow_whispers-feelers-chill (Remastered x2) (2).mp3,3:49,5.29 MB,06-02-25,/Users/steven/Music/nocTurneMeLoDieS/Media/Willow_whispers-feelers-chill (Remastered x2) (2)/Willow_whispers-feelers-chill (Remastered x2) (2).mp3
ðŸŽµ Petals in the Dark301.mp3,3:01,3.76 MB,06-02-25,/Users/steven/Music/nocTurneMeLoDieS/Media/ðŸŽµ Petals in the Dark301/ðŸŽµ Petals in the Dark301.mp3
Love is rubbish Let's Get Trashy.mp3,3:48,3.49 MB,06-02-25,/Users/steven/Music/nocTurneMeLoDieS/Media/Love is rubbish Let's Get Trashy/Love is rubbish Let's Get Trashy.mp3
Love is rubbish Let's Get Trashy (Remix)317.mp3,3:17,4.47 MB,06-02-25,/Users/steven/Music/nocTurneMeLoDieS/Media/Love is rubbish Let's Get Trashy (Remix)317/Love is rubbish Let's Get Trashy (Remix)317.mp3
No More Love Songs246.mp3,2:46,3.88 MB,06-02-25,/Users/steven/Music/nocTurneMeLoDieS/Media/No More Love Songs246/No More Love Songs246.mp3
Dance Like Nobody's Watching (Remastered).mp3,2:17,2.11 MB,06-02-25,/Users/steven/Music/nocTurneMeLoDieS/Media/Dance Like Nobody's Watching (Remastered)/Dance Like Nobody's Watching (Remastered).mp3
Beautiful_Mess_v4.mp3,3:14,4.46 MB,06-02-25,/Users/steven/Music/nocTurneMeLoDieS/Media/Beautiful_Mess_v4/Beautiful_Mess_v4.mp3
Heartbeats_in_the_Dark-v4.mp3,3:11,4.38 MB,06-02-25,/Users/steven/Music/nocTurneMeLoDieS/Media/Heartbeats_in_the_Dark-v4/Heartbeats_in_the_Dark-v4.mp3
Love is rubbish Let's Get Trashy (Remix)304 (1).mp3,3:04,4.20 MB,06-02-25,/Users/steven/Music/nocTurneMeLoDieS/Media/Love is rubbish Let's Get Trashy (Remix)304 (1)/Love is rubbish Let's Get Trashy (Remix)304 (1).mp3
Love is rubbish Let's Get Trashy (Remix)319.mp3,3:19,4.57 MB,06-02-25,/Users/steven/Music/nocTurneMeLoDieS/Media/Love is rubbish Let's Get Trashy (Remix)319/Love is rubbish Let's Get Trashy (Remix)319.mp3
in This aLLey Where i HiDe-oG (Remix)319.mp3,3:19,3.93 MB,06-02-25,/Users/steven/Music/nocTurneMeLoDieS/Media/in This aLLey Where i HiDe-oG (Remix)319/in This aLLey Where i HiDe-oG (Remix)319.mp3
witched Road (Remix)337.mp3,3:37,5.14 MB,06-02-25,/Users/steven/Music/nocTurneMeLoDieS/Media/witched Road (Remix)337/witched Road (Remix)337.mp3
Echoes of Moonlight-in-this-alley.mp3,3:14,2.97 MB,06-02-25,/Users/steven/Music/nocTurneMeLoDieS/Media/Echoes of Moonlight-in-this-alley/Echoes of Moonlight-in-this-alley.mp3
Willow_whispers-og.mp3,3:58,3.64 MB,06-02-25,/Users/steven/Music/nocTurneMeLoDieS/Media/Willow_whispers-og/Willow_whispers-og.mp3
Junkyard Dream Symphony5.mp3,2:11,2.05 MB,06-02-25,/Users/steven/Music/nocTurneMeLoDieS/Media/Junkyard Dream Symphony5/Junkyard Dream Symphony5.mp3
Recycled_Symphony2.mp3,3:01,2.78 MB,06-02-25,/Users/steven/Music/nocTurneMeLoDieS/Media/Recycled_Symphony2/Recycled_Symphony2.mp3
in This aLLey Where i HiDe-oG (Remix)-grity300.mp3,3:00,4.02 MB,06-02-25,/Users/steven/Music/nocTurneMeLoDieS/Media/in This aLLey Where i HiDe-oG (Remix)-grity300/in This aLLey Where i HiDe-oG (Remix)-grity300.mp3
Heartbeats in the Dark2 (Remastered).mp3,3:58,3.64 MB,06-02-25,/Users/steven/Music/nocTurneMeLoDieS/Media/Heartbeats in the Dark2 (Remastered)/Heartbeats in the Dark2 (Remastered).mp3
in This aLLey Where i HiDe-oG (Remix)-grity309.mp3,3:09,4.29 MB,06-02-25,/Users/steven/Music/nocTurneMeLoDieS/Media/in This aLLey Where i HiDe-oG (Remix)-grity309/in This aLLey Where i HiDe-oG (Remix)-grity309.mp3
bite in the night314.mp3,3:14,4.06 MB,06-02-25,/Users/steven/Music/nocTurneMeLoDieS/Media/bite in the night314/bite in the night314.mp3
Powerful154.mp3,1:54,2.48 MB,06-02-25,/Users/steven/Music/nocTurneMeLoDieS/Media/Powerful154/Powerful154.mp3
Dusty_Rhymes_and_Grime.mp3,2:31,3.46 MB,06-02-25,/Users/steven/Music/nocTurneMeLoDieS/Media/Dusty_Rhymes_and_Grime/Dusty_Rhymes_and_Grime.mp3
Kings and Queens of Litter (Remastered)1.mp3,3:09,2.90 MB,06-02-25,/Users/steven/Music/nocTurneMeLoDieS/Media/Kings and Queens of Litter (Remastered)1/Kings and Queens of Litter (Remastered)1.mp3
Heroes_Rise__-_Villains_Overthrow_(Remastered)2 2.mp3,1:59,2.73 MB,06-02-25,/Users/steven/Music/nocTurneMeLoDieS/Media/Heroes_Rise__-_Villains_Overthrow_(Remastered)2 2/Heroes_Rise__-_Villains_Overthrow_(Remastered)2 2.mp3
in_This_aLLey_Where_i_HiDe.mp3,3:13,2.95 MB,06-02-25,/Users/steven/Music/nocTurneMeLoDieS/Media/in_This_aLLey_Where_i_HiDe/in_This_aLLey_Where_i_HiDe.mp3
In The Hollow245.mp3,2:45,4.04 MB,06-02-25,/Users/steven/Music/nocTurneMeLoDieS/Media/In The Hollow245/In The Hollow245.mp3
No More Love Songs249.mp3,2:49,3.64 MB,06-02-25,/Users/steven/Music/nocTurneMeLoDieS/Media/No More Love Songs249/No More Love Songs249.mp3
in_this_alley_where_i_Hide_-_LIVE-stadium 2.mp3,2:13,3.05 MB,06-02-25,/Users/steven/Music/nocTurneMeLoDieS/Media/in_this_alley_where_i_Hide_-_LIVE-stadium 2/in_this_alley_where_i_Hide_-_LIVE-stadium 2.mp3
Sammy's Serenade (Remastered)2.mp3,3:53,3.57 MB,06-02-25,/Users/steven/Music/nocTurneMeLoDieS/Media/Sammy's Serenade (Remastered)2/Sammy's Serenade (Remastered)2.mp3
Love is rubbish Let's Get Trashy (Remix)329.mp3,3:29,4.77 MB,06-02-25,/Users/steven/Music/nocTurneMeLoDieS/Media/Love is rubbish Let's Get Trashy (Remix)329/Love is rubbish Let's Get Trashy (Remix)329.mp3
Sammys_Serenade_(Remastered).mp3,3:54,5.38 MB,06-02-25,/Users/steven/Music/nocTurneMeLoDieS/Media/Sammys_Serenade_(Remastered)/Sammys_Serenade_(Remastered).mp3
in This aLLey Where i HiDe-oG (Remix)-grity308.mp3,3:08,4.35 MB,06-02-25,/Users/steven/Music/nocTurneMeLoDieS/Media/in This aLLey Where i HiDe-oG (Remix)-grity308/in This aLLey Where i HiDe-oG (Remix)-grity308.mp3
The_Sound_of_Ancestors_(Remastered)1.mp3,2:11,3.01 MB,06-02-25,/Users/steven/Music/nocTurneMeLoDieS/Media/The_Sound_of_Ancestors_(Remastered)1/The_Sound_of_Ancestors_(Remastered)1.mp3
Bite in the Night-1.mp3,4:00,5.50 MB,06-02-25,/Users/steven/Music/nocTurneMeLoDieS/Media/Bite in the Night-1/Bite in the Night-1.mp3
Moonlit Reverie.mp3,3:39,3.35 MB,06-02-25,/Users/steven/Music/nocTurneMeLoDieS/Media/Moonlit Reverie/Moonlit Reverie.mp3
Willow_whispers-folk-355.mp3,3:54,5.38 MB,06-02-25,/Users/steven/Music/nocTurneMeLoDieS/Media/Willow_whispers-folk-355/Willow_whispers-folk-355.mp3
Moonly Alley2.mp3,1:21,1.25 MB,06-02-25,/Users/steven/Music/nocTurneMeLoDieS/Media/Moonly Alley2/Moonly Alley2.mp3
bite in the night152.mp3,1:52,2.58 MB,06-02-25,/Users/steven/Music/nocTurneMeLoDieS/Media/bite in the night152/bite in the night152.mp3
Junkyard symphony from hearts.mp3,3:53,3.56 MB,06-02-25,/Users/steven/Music/nocTurneMeLoDieS/Media/Junkyard symphony from hearts/Junkyard symphony from hearts.mp3
"Love is Rubbish, and Rubbish is Love.mp3",2:43,2.50 MB,06-02-25,"/Users/steven/Music/nocTurneMeLoDieS/Media/Love is Rubbish, and Rubbish is Love/Love is Rubbish, and Rubbish is Love.mp3"
Love is rubbish Let's Get Trashy (Remix)308.mp3,3:08,4.28 MB,06-02-25,/Users/steven/Music/nocTurneMeLoDieS/Media/Love is rubbish Let's Get Trashy (Remix)308/Love is rubbish Let's Get Trashy (Remix)308.mp3
Moonlight's Promise.mp3,2:40,2.45 MB,06-02-25,/Users/steven/Music/nocTurneMeLoDieS/Media/Moonlight's Promise/Moonlight's Promise.mp3
Heartbeats in the Dark (Remastered).mp3,3:09,2.90 MB,06-02-25,/Users/steven/Music/nocTurneMeLoDieS/Media/Heartbeats in the Dark (Remastered)/Heartbeats in the Dark (Remastered).mp3
From_Ashes_I_Will_Rise.mp3,3:29,4.80 MB,06-02-25,/Users/steven/Music/nocTurneMeLoDieS/Media/From_Ashes_I_Will_Rise/From_Ashes_I_Will_Rise.mp3
Heartbeats_in_the_Dark2-v4.mp3,3:59,5.49 MB,06-02-25,/Users/steven/Music/nocTurneMeLoDieS/Media/Heartbeats_in_the_Dark2-v4/Heartbeats_in_the_Dark2-v4.mp3
In The Hollow239.mp3,2:39,3.84 MB,06-02-25,/Users/steven/Music/nocTurneMeLoDieS/Media/In The Hollow239/In The Hollow239.mp3
Love in Imperfection (Remastered).mp3,3:39,3.35 MB,06-02-25,/Users/steven/Music/nocTurneMeLoDieS/Media/Love in Imperfection (Remastered)/Love in Imperfection (Remastered).mp3
Live fast Eat Trash.mp3,3:43,3.41 MB,06-02-25,/Users/steven/Music/nocTurneMeLoDieS/Media/Live fast Eat Trash/Live fast Eat Trash.mp3
Bite in the Night.mp3,3:59,3.66 MB,06-02-25,/Users/steven/Music/nocTurneMeLoDieS/Media/Bite in the Night/Bite in the Night.mp3
Echoes of Moonlight (Remastered)-in-this-alley.mp3,3:14,2.97 MB,06-02-25,/Users/steven/Music/nocTurneMeLoDieS/Media/Echoes of Moonlight (Remastered)-in-this-alley/Echoes of Moonlight (Remastered)-in-this-alley.mp3
Willow_whispers-feelers-chill (Remastered).mp3,3:49,5.01 MB,06-02-25,/Users/steven/Music/nocTurneMeLoDieS/Media/Willow_whispers-feelers-chill (Remastered)/Willow_whispers-feelers-chill (Remastered).mp3
Willow Tree (Remix)-103.mp3,1:03,1.45 MB,06-02-25,/Users/steven/Music/nocTurneMeLoDieS/Media/Willow Tree (Remix)-103/Willow Tree (Remix)-103.mp3
Moonly Alley4.mp3,1:25,1.30 MB,06-02-25,/Users/steven/Music/nocTurneMeLoDieS/Media/Moonly Alley4/Moonly Alley4.mp3
Moonly Alley3.mp3,1:28,1.35 MB,06-02-25,/Users/steven/Music/nocTurneMeLoDieS/Media/Moonly Alley3/Moonly Alley3.mp3
in This aLLey Where i HiDe-oG (Remix)-grity343.mp3,3:43,5.22 MB,06-02-25,/Users/steven/Music/nocTurneMeLoDieS/Media/in This aLLey Where i HiDe-oG (Remix)-grity343/in This aLLey Where i HiDe-oG (Remix)-grity343.mp3
Enchanted_Woods_Song_Adventure.mp3,3:30,4.82 MB,06-02-25,/Users/steven/Music/nocTurneMeLoDieS/Media/Enchanted_Woods_Song_Adventure/Enchanted_Woods_Song_Adventure.mp3
Echoes_in_the_Alley.mp3,2:39,3.65 MB,06-02-25,/Users/steven/Music/nocTurneMeLoDieS/Media/Echoes_in_the_Alley/Echoes_in_the_Alley.mp3
echoes_of_moonlight_song_lyrics.mp3,3:15,4.47 MB,06-02-25,/Users/steven/Music/nocTurneMeLoDieS/Media/echoes_of_moonlight_song_lyrics/echoes_of_moonlight_song_lyrics.mp3
In The Hollow238.mp3,2:38,3.65 MB,06-02-25,/Users/steven/Music/nocTurneMeLoDieS/Media/In The Hollow238/In The Hollow238.mp3
Heartbeats in the Dark2.mp3,3:59,3.70 MB,06-02-25,/Users/steven/Music/nocTurneMeLoDieS/Media/Heartbeats in the Dark2/Heartbeats in the Dark2.mp3
in This aLLey Where i HiDe-oG (Remix)309.mp3,3:09,4.25 MB,06-02-25,/Users/steven/Music/nocTurneMeLoDieS/Media/in This aLLey Where i HiDe-oG (Remix)309/in This aLLey Where i HiDe-oG (Remix)309.mp3
Love in Imperfection (Remastered)2.mp3,3:39,3.35 MB,06-02-25,/Users/steven/Music/nocTurneMeLoDieS/Media/Love in Imperfection (Remastered)2/Love in Imperfection (Remastered)2.mp3
Where-Shadows-Play.mp3,3:31,4.83 MB,06-02-25,/Users/steven/Music/nocTurneMeLoDieS/Media/Where-Shadows-Play/Where-Shadows-Play.mp3
Willow_whispers-feelers-chill-lady.mp3,3:02,4.17 MB,06-02-25,/Users/steven/Music/nocTurneMeLoDieS/Media/Willow_whispers-feelers-chill-lady/Willow_whispers-feelers-chill-lady.mp3
Sammy's Serenade-og.mp3,3:53,3.57 MB,06-02-25,/Users/steven/Music/nocTurneMeLoDieS/Media/Sammy's Serenade-og/Sammy's Serenade-og.mp3
echoes_of_yesterday_remastered.mp3,3:29,3.19 MB,06-02-25,/Users/steven/Music/nocTurneMeLoDieS/Media/echoes_of_yesterday_remastered/echoes_of_yesterday_remastered.mp3
Witches Road (Remastered) 1.mp3,2:55,2.68 MB,06-02-25,/Users/steven/Music/nocTurneMeLoDieS/Media/Witches Road (Remastered) 1/Witches Road (Remastered) 1.mp3
No More Love Songs (Remastered)-58.mp3,0:55,869.31 KB,06-02-25,/Users/steven/Music/nocTurneMeLoDieS/Media/No More Love Songs (Remastered)-58/No More Love Songs (Remastered)-58.mp3
Willow_whispers-feels.mp3,3:17,4.53 MB,06-02-25,/Users/steven/Music/nocTurneMeLoDieS/Media/Willow_whispers-feels/Willow_whispers-feels.mp3
in This aLLey Where i HiDe-oG (Remix)-grity254.mp3,2:54,4.05 MB,06-02-25,/Users/steven/Music/nocTurneMeLoDieS/Media/in This aLLey Where i HiDe-oG (Remix)-grity254/in This aLLey Where i HiDe-oG (Remix)-grity254.mp3
Willow Tree (Remix)256.mp3,2:56,3.26 MB,06-02-25,/Users/steven/Music/nocTurneMeLoDieS/Media/Willow Tree (Remix)256/Willow Tree (Remix)256.mp3
Sammy's Serenade (Remastered).mp3,3:53,3.57 MB,06-02-25,/Users/steven/Music/nocTurneMeLoDieS/Media/Sammy's Serenade (Remastered)/Sammy's Serenade (Remastered).mp3
in This aLLey Where i HiDe-oG (Remix)244.mp3,2:44,3.87 MB,06-02-25,/Users/steven/Music/nocTurneMeLoDieS/Media/in This aLLey Where i HiDe-oG (Remix)244/in This aLLey Where i HiDe-oG (Remix)244.mp3
Willow_whispers-v4-crop.mp3,2:27,2.25 MB,06-02-25,/Users/steven/Music/nocTurneMeLoDieS/Media/Willow_whispers-v4-crop/Willow_whispers-v4-crop.mp3
bite in the night247.mp3,2:47,3.88 MB,06-02-25,/Users/steven/Music/nocTurneMeLoDieS/Media/bite in the night247/bite in the night247.mp3
ðŸš€ Mysterious Voyager Signals Are We Not Alone? ðŸ¤–ðŸŒŒ.mp3,8:24,2.89 MB,06-02-25,/Users/steven/Music/nocTurneMeLoDieS/Media/ðŸš€ Mysterious Voyager Signals Are We Not Alone? ðŸ¤–ðŸŒŒ/ðŸš€ Mysterious Voyager Signals Are We Not Alone? ðŸ¤–ðŸŒŒ.mp3
imperfection313.mp3,3:13,4.41 MB,06-02-25,/Users/steven/Music/nocTurneMeLoDieS/Media/imperfection313/imperfection313.mp3
No More Love Songs (Remastered)-p2.mp3,1:41,1.56 MB,06-02-25,/Users/steven/Music/nocTurneMeLoDieS/Media/No More Love Songs (Remastered)-p2/No More Love Songs (Remastered)-p2.mp3
Love_in_Imperfection_(Remastered)2.mp3,3:40,5.05 MB,06-02-25,/Users/steven/Music/nocTurneMeLoDieS/Media/Love_in_Imperfection_(Remastered)2/Love_in_Imperfection_(Remastered)2.mp3
Love is rubbish Let's Get Trashy (Remix)304-acoustic-FOLK-rock.mp3,3:04,4.37 MB,06-02-25,/Users/steven/Music/nocTurneMeLoDieS/Media/Love is rubbish Let's Get Trashy (Remix)304-acoustic-FOLK-rock/Love is rubbish Let's Get Trashy (Remix)304-acoustic-FOLK-rock.mp3
Folk Song of a Dark Traveler234.mp3,2:34,3.43 MB,06-02-25,/Users/steven/Music/nocTurneMeLoDieS/Media/Folk Song of a Dark Traveler234/Folk Song of a Dark Traveler234.mp3
in_this_alley_where_i_Hide_-_LIVE-broken.mp3,2:12,3.05 MB,06-02-25,/Users/steven/Music/nocTurneMeLoDieS/Media/in_this_alley_where_i_Hide_-_LIVE-broken/in_this_alley_where_i_Hide_-_LIVE-broken.mp3
Love is rubbish Let's Get Trashy (Remix)244.mp3,2:45,4.01 MB,06-02-25,/Users/steven/Music/nocTurneMeLoDieS/Media/Love is rubbish Let's Get Trashy (Remix)244/Love is rubbish Let's Get Trashy (Remix)244.mp3
Willow_whispers-feelers-chill (3).mp3,1:57,1.80 MB,06-02-25,/Users/steven/Music/nocTurneMeLoDieS/Media/Willow_whispers-feelers-chill (3)/Willow_whispers-feelers-chill (3).mp3
Folk Song of a Dark Traveler202.mp3,2:02,2.75 MB,06-02-25,/Users/steven/Music/nocTurneMeLoDieS/Media/Folk Song of a Dark Traveler202/Folk Song of a Dark Traveler202.mp3
The Sound of Ancestors (Remastered)2.mp3,2:10,2.00 MB,06-02-25,/Users/steven/Music/nocTurneMeLoDieS/Media/The Sound of Ancestors (Remastered)2/The Sound of Ancestors (Remastered)2.mp3
Heroes Rise  - Villains Overthrow (Remastered)214.mp3,2:14,3.21 MB,06-02-25,/Users/steven/Music/nocTurneMeLoDieS/Media/Heroes Rise  - Villains Overthrow (Remastered)214/Heroes Rise  - Villains Overthrow (Remastered)214.mp3
No More Love Songs324.mp3,3:24,4.63 MB,06-02-25,/Users/steven/Music/nocTurneMeLoDieS/Media/No More Love Songs324/No More Love Songs324.mp3
Folk Song of a Dark Traveler259.mp3,2:59,4.04 MB,06-02-25,/Users/steven/Music/nocTurneMeLoDieS/Media/Folk Song of a Dark Traveler259/Folk Song of a Dark Traveler259.mp3
witched Road (Remix)254.mp3,2:54,4.15 MB,06-02-25,/Users/steven/Music/nocTurneMeLoDieS/Media/witched Road (Remix)254/witched Road (Remix)254.mp3
Heroes Rise  - Villains Overthrow (Remastered) (Remix)143.mp3,1:43,2.45 MB,06-02-25,/Users/steven/Music/nocTurneMeLoDieS/Media/Heroes Rise  - Villains Overthrow (Remastered) (Remix)143/Heroes Rise  - Villains Overthrow (Remastered) (Remix)143.mp3
Blues in the Moonlit Nights.mp3,2:50,2.61 MB,06-02-25,/Users/steven/Music/nocTurneMeLoDieS/Media/Blues in the Moonlit Nights/Blues in the Moonlit Nights.mp3
in This aLLey Where i HiDe-oG (Remix)242.mp3,2:42,3.82 MB,06-02-25,/Users/steven/Music/nocTurneMeLoDieS/Media/in This aLLey Where i HiDe-oG (Remix)242/in This aLLey Where i HiDe-oG (Remix)242.mp3
Powerful233.mp3,2:33,3.46 MB,06-02-25,/Users/steven/Music/nocTurneMeLoDieS/Media/Powerful233/Powerful233.mp3
Echoes_of_Moonlight-v4.mp3,3:15,4.48 MB,06-02-25,/Users/steven/Music/nocTurneMeLoDieS/Media/Echoes_of_Moonlight-v4/Echoes_of_Moonlight-v4.mp3
"Stacie, the Wind Donâ€™t Ask Why332.mp3",3:32,4.43 MB,06-02-25,"/Users/steven/Music/nocTurneMeLoDieS/Media/Stacie, the Wind Donâ€™t Ask Why332/Stacie, the Wind Donâ€™t Ask Why332.mp3"
in This aLLey Where i HiDe-oG (Remix)425.mp3,4:25,6.09 MB,06-02-25,/Users/steven/Music/nocTurneMeLoDieS/Media/in This aLLey Where i HiDe-oG (Remix)425/in This aLLey Where i HiDe-oG (Remix)425.mp3
No More Love Songs No More Lies v4.mp3,2:31,2.31 MB,06-02-25,/Users/steven/Music/nocTurneMeLoDieS/Media/No More Love Songs No More Lies v4/No More Love Songs No More Lies v4.mp3
imperfection323.mp3,3:23,4.35 MB,06-02-25,/Users/steven/Music/nocTurneMeLoDieS/Media/imperfection323/imperfection323.mp3
Echoes of the Junkyard2.mp3,2:54,2.67 MB,06-02-25,/Users/steven/Music/nocTurneMeLoDieS/Media/Echoes of the Junkyard2/Echoes of the Junkyard2.mp3
Junkyard Moon Symphony4.mp3,2:58,2.78 MB,06-02-25,/Users/steven/Music/nocTurneMeLoDieS/Media/Junkyard Moon Symphony4/Junkyard Moon Symphony4.mp3
Willow_whispers-feelers-chill (Remastered) (1).mp3,3:49,4.98 MB,06-02-25,/Users/steven/Music/nocTurneMeLoDieS/Media/Willow_whispers-feelers-chill (Remastered) (1)/Willow_whispers-feelers-chill (Remastered) (1).mp3
Junkyard Symphony Scraps2 (Remastered).mp3,3:10,2.91 MB,06-02-25,/Users/steven/Music/nocTurneMeLoDieS/Media/Junkyard Symphony Scraps2 (Remastered)/Junkyard Symphony Scraps2 (Remastered).mp3
Kings and Queens of Litter.mp3,3:59,3.66 MB,06-02-25,/Users/steven/Music/nocTurneMeLoDieS/Media/Kings and Queens of Litter/Kings and Queens of Litter.mp3
Cannon Blastin.mp3,2:44,2.51 MB,06-02-25,/Users/steven/Music/nocTurneMeLoDieS/Media/Cannon Blastin/Cannon Blastin.mp3
No More Love Songs (Remastered)232.mp3,2:31,2.31 MB,06-02-25,/Users/steven/Music/nocTurneMeLoDieS/Media/No More Love Songs (Remastered)232/No More Love Songs (Remastered)232.mp3
Dusty_Rhymes_and_Whispers.mp3,2:31,3.46 MB,06-02-25,/Users/steven/Music/nocTurneMeLoDieS/Media/Dusty_Rhymes_and_Whispers/Dusty_Rhymes_and_Whispers.mp3
Echoes_of_the_Junkyard_v4_2.mp3,2:39,3.64 MB,06-02-25,/Users/steven/Music/nocTurneMeLoDieS/Media/Echoes_of_the_Junkyard_v4_2/Echoes_of_the_Junkyard_v4_2.mp3
Echoes of Moonlight (Remastered)-2-in-this-alley.mp3,3:14,2.97 MB,06-02-25,/Users/steven/Music/nocTurneMeLoDieS/Media/Echoes of Moonlight (Remastered)-2-in-this-alley/Echoes of Moonlight (Remastered)-2-in-this-alley.mp3
witched_Road.mp3,2:55,2.68 MB,06-02-25,/Users/steven/Music/nocTurneMeLoDieS/Media/witched_Road/witched_Road.mp3
in_this_alley_where_i_Hide LIVE_-_CuT-og (2).mp3,3:04,4.29 MB,06-02-25,/Users/steven/Music/nocTurneMeLoDieS/Media/in_this_alley_where_i_Hide LIVE_-_CuT-og (2)/in_this_alley_where_i_Hide LIVE_-_CuT-og (2).mp3
Heroes Rise  - Villains Overthrow.mp3,1:58,1.81 MB,06-02-25,/Users/steven/Music/nocTurneMeLoDieS/Media/Heroes Rise  - Villains Overthrow/Heroes Rise  - Villains Overthrow.mp3
The-Raccoon's-Revelry.mp3,2:06,2.89 MB,06-02-25,/Users/steven/Music/nocTurneMeLoDieS/Media/The-Raccoon's-Revelry/The-Raccoon's-Revelry.mp3
In The Hollow (Remix)239.mp3,2:39,3.67 MB,06-02-25,/Users/steven/Music/nocTurneMeLoDieS/Media/In The Hollow (Remix)239/In The Hollow (Remix)239.mp3
echoes-of-yesterday-remastered.mp3,3:29,4.80 MB,06-02-25,/Users/steven/Music/nocTurneMeLoDieS/Media/echoes-of-yesterday-remastered/echoes-of-yesterday-remastered.mp3
Concrete Jungle Rumble.mp3,3:31,3.23 MB,06-02-25,/Users/steven/Music/nocTurneMeLoDieS/Media/Concrete Jungle Rumble/Concrete Jungle Rumble.mp3
Sammy's Serenade (Remastered) LadyGroup.mp3,3:53,3.57 MB,06-02-25,/Users/steven/Music/nocTurneMeLoDieS/Media/Sammy's Serenade (Remastered) LadyGroup/Sammy's Serenade (Remastered) LadyGroup.mp3
Down_the_Witchs_Road.mp3,2:56,4.03 MB,06-02-25,/Users/steven/Music/nocTurneMeLoDieS/Media/Down_the_Witchs_Road/Down_the_Witchs_Road.mp3
Echoes of Yesterday.mp3,3:29,3.19 MB,06-02-25,/Users/steven/Music/nocTurneMeLoDieS/Media/Echoes of Yesterday/Echoes of Yesterday.mp3
in This aLLey Where i HiDe-oG (Remix)249 (1).mp3,2:49,4.03 MB,06-02-25,/Users/steven/Music/nocTurneMeLoDieS/Media/in This aLLey Where i HiDe-oG (Remix)249 (1)/in This aLLey Where i HiDe-oG (Remix)249 (1).mp3
"Stacie, the Wind Donâ€™t Ask Why319.mp3",3:19,4.40 MB,06-02-25,"/Users/steven/Music/nocTurneMeLoDieS/Media/Stacie, the Wind Donâ€™t Ask Why319/Stacie, the Wind Donâ€™t Ask Why319.mp3"
Marching-ever-forward-neath-the-wooded-s.mp3,3:09,4.33 MB,06-02-25,/Users/steven/Music/nocTurneMeLoDieS/Media/Marching-ever-forward-neath-the-wooded-s/Marching-ever-forward-neath-the-wooded-s.mp3
in_This_aLLey_Where_i_HiDe2_(Remastered).mp3,2:38,2.42 MB,06-02-25,/Users/steven/Music/nocTurneMeLoDieS/Media/in_This_aLLey_Where_i_HiDe2_(Remastered)/in_This_aLLey_Where_i_HiDe2_(Remastered).mp3
Willow_whispers-feelers-chill (4).mp3,1:59,1.83 MB,06-02-25,/Users/steven/Music/nocTurneMeLoDieS/Media/Willow_whispers-feelers-chill (4)/Willow_whispers-feelers-chill (4).mp3
Love is rubbish Let's Get Trashy (Remix)234.mp3,2:34,3.65 MB,06-02-25,/Users/steven/Music/nocTurneMeLoDieS/Media/Love is rubbish Let's Get Trashy (Remix)234/Love is rubbish Let's Get Trashy (Remix)234.mp3
in This aLLey Where i HiDe-oG (Remix)258.mp3,2:58,4.10 MB,06-02-25,/Users/steven/Music/nocTurneMeLoDieS/Media/in This aLLey Where i HiDe-oG (Remix)258/in This aLLey Where i HiDe-oG (Remix)258.mp3
Love is rubbish Let's Get Trashy (Remix)257.mp3,2:57,3.95 MB,06-02-25,/Users/steven/Music/nocTurneMeLoDieS/Media/Love is rubbish Let's Get Trashy (Remix)257/Love is rubbish Let's Get Trashy (Remix)257.mp3
Kings and Queens of Litter (Remastered)1 (2).mp3,3:33,3.27 MB,06-02-25,/Users/steven/Music/nocTurneMeLoDieS/Media/Kings and Queens of Litter (Remastered)1 (2)/Kings and Queens of Litter (Remastered)1 (2).mp3
in This aLLey Where i HiDe (Remastered).mp3,3:13,2.96 MB,06-02-25,/Users/steven/Music/nocTurneMeLoDieS/Media/in This aLLey Where i HiDe (Remastered)/in This aLLey Where i HiDe (Remastered).mp3
Junkyard_Symphony_Scraps2_(Remastered) 2.mp3,3:11,4.39 MB,06-02-25,/Users/steven/Music/nocTurneMeLoDieS/Media/Junkyard_Symphony_Scraps2_(Remastered) 2/Junkyard_Symphony_Scraps2_(Remastered) 2.mp3
in_this_alley_where_i_Hide LIVE_-_CuT-og (1).mp3,3:12,4.18 MB,06-02-25,/Users/steven/Music/nocTurneMeLoDieS/Media/in_this_alley_where_i_Hide LIVE_-_CuT-og (1)/in_this_alley_where_i_Hide LIVE_-_CuT-og (1).mp3
Love is rubbish Let's Get Trashy (Remix)259*.mp3,2:59,4.06 MB,06-02-25,/Users/steven/Music/nocTurneMeLoDieS/Media/Love is rubbish Let's Get Trashy (Remix)259*/Love is rubbish Let's Get Trashy (Remix)259*.mp3
in This aLLey Where i HiDe-oG (Remix)235.mp3,2:35,3.61 MB,06-02-25,/Users/steven/Music/nocTurneMeLoDieS/Media/in This aLLey Where i HiDe-oG (Remix)235/in This aLLey Where i HiDe-oG (Remix)235.mp3
Recycled Symphony.mp3,2:15,2.07 MB,06-02-25,/Users/steven/Music/nocTurneMeLoDieS/Media/Recycled Symphony/Recycled Symphony.mp3
in the Alley where Hope Flies.mp3,2:23,2.20 MB,06-02-25,/Users/steven/Music/nocTurneMeLoDieS/Media/in the Alley where Hope Flies/in the Alley where Hope Flies.mp3
in This aLLey Where i HiDe-oG (Remix)259.mp3,2:59,3.96 MB,06-02-25,/Users/steven/Music/nocTurneMeLoDieS/Media/in This aLLey Where i HiDe-oG (Remix)259/in This aLLey Where i HiDe-oG (Remix)259.mp3
Willow Tree341.mp3,3:41,3.86 MB,06-02-25,/Users/steven/Music/nocTurneMeLoDieS/Media/Willow Tree341/Willow Tree341.mp3
No More Love Songs.mp3,2:31,2.31 MB,06-02-25,/Users/steven/Music/nocTurneMeLoDieS/Media/No More Love Songs/No More Love Songs.mp3
Heroes Rise  - Villains Overthrow (Remastered) (Remix)158.mp3,1:58,2.69 MB,06-02-25,/Users/steven/Music/nocTurneMeLoDieS/Media/Heroes Rise  - Villains Overthrow (Remastered) (Remix)158/Heroes Rise  - Villains Overthrow (Remastered) (Remix)158.mp3
Willow_whispers-folk.mp3,3:53,3.57 MB,06-02-25,/Users/steven/Music/nocTurneMeLoDieS/Media/Willow_whispers-folk/Willow_whispers-folk.mp3
in This aLLey Where i HiDe-oG (Remix)-grity249.mp3,2:49,4.04 MB,06-02-25,/Users/steven/Music/nocTurneMeLoDieS/Media/in This aLLey Where i HiDe-oG (Remix)-grity249/in This aLLey Where i HiDe-oG (Remix)-grity249.mp3
Heroes Rise  - Villains Overthrow (Remastered) (Remix)229.mp3,2:29,3.38 MB,06-02-25,/Users/steven/Music/nocTurneMeLoDieS/Media/Heroes Rise  - Villains Overthrow (Remastered) (Remix)229/Heroes Rise  - Villains Overthrow (Remastered) (Remix)229.mp3
Love_is_rubbish_Lets_Get_Trashy.mp3,3:49,5.25 MB,06-02-25,/Users/steven/Music/nocTurneMeLoDieS/Media/Love_is_rubbish_Lets_Get_Trashy/Love_is_rubbish_Lets_Get_Trashy.mp3
in This aLLey Where i HiDe-oG (Remix)322.mp3,3:22,4.49 MB,06-02-25,/Users/steven/Music/nocTurneMeLoDieS/Media/in This aLLey Where i HiDe-oG (Remix)322/in This aLLey Where i HiDe-oG (Remix)322.mp3
The_Alley_King_(Remastered)1.mp3,2:39,3.64 MB,06-02-25,/Users/steven/Music/nocTurneMeLoDieS/Media/The_Alley_King_(Remastered)1/The_Alley_King_(Remastered)1.mp3
bite in the night319.mp3,3:10,4.32 MB,06-02-25,/Users/steven/Music/nocTurneMeLoDieS/Media/bite in the night319/bite in the night319.mp3
in_this_alley_where_i_Hide_-_LIVE-og-best 2.mp3,1:54,4.37 MB,06-02-25,/Users/steven/Music/nocTurneMeLoDieS/Media/in_this_alley_where_i_Hide_-_LIVE-og-best 2/in_this_alley_where_i_Hide_-_LIVE-og-best 2.mp3
Heroes Rise  - Villains Overthrow (Remastered) (Remix)218.mp3,2:18,3.18 MB,06-02-25,/Users/steven/Music/nocTurneMeLoDieS/Media/Heroes Rise  - Villains Overthrow (Remastered) (Remix)218/Heroes Rise  - Villains Overthrow (Remastered) (Remix)218.mp3
Heroes Rise  - Villains Overthrow (Remastered) (Remix)227.mp3,2:27,3.29 MB,06-02-25,/Users/steven/Music/nocTurneMeLoDieS/Media/Heroes Rise  - Villains Overthrow (Remastered) (Remix)227/Heroes Rise  - Villains Overthrow (Remastered) (Remix)227.mp3
bite in the night317.mp3,3:17,4.63 MB,06-02-25,/Users/steven/Music/nocTurneMeLoDieS/Media/bite in the night317/bite in the night317.mp3
The Raccoon's Revelry.mp3,2:05,1.91 MB,06-02-25,/Users/steven/Music/nocTurneMeLoDieS/Media/The Raccoon's Revelry/The Raccoon's Revelry.mp3
in This aLLey Where i HiDe-oG (Remix)314.mp3,3:14,4.33 MB,06-02-25,/Users/steven/Music/nocTurneMeLoDieS/Media/in This aLLey Where i HiDe-oG (Remix)314/in This aLLey Where i HiDe-oG (Remix)314.mp3
JunkYard Destiny.mp3,3:37,3.36 MB,06-02-25,/Users/steven/Music/nocTurneMeLoDieS/Media/JunkYard Destiny/JunkYard Destiny.mp3
ðŸŽµ Petals in the Dark302.mp3,3:02,3.89 MB,06-02-25,/Users/steven/Music/nocTurneMeLoDieS/Media/ðŸŽµ Petals in the Dark302/ðŸŽµ Petals in the Dark302.mp3
in_this_alley_where_i_Hide_-_LIVE_-_CuT-og.mp3,1:54,1.74 MB,06-02-25,/Users/steven/Music/nocTurneMeLoDieS/Media/in_this_alley_where_i_Hide_-_LIVE_-_CuT-og/in_this_alley_where_i_Hide_-_LIVE_-_CuT-og.mp3
Heartbeats_in_the_Dark_Soft_Whispers.mp3,3:10,4.36 MB,06-02-25,/Users/steven/Music/nocTurneMeLoDieS/Media/Heartbeats_in_the_Dark_Soft_Whispers/Heartbeats_in_the_Dark_Soft_Whispers.mp3
Echoes_of_Yesterday-v4.mp3,3:29,4.81 MB,06-02-25,/Users/steven/Music/nocTurneMeLoDieS/Media/Echoes_of_Yesterday-v4/Echoes_of_Yesterday-v4.mp3
theVoidAsPrimoridslSource-Podcast.mp3,11:00,3.78 MB,06-02-25,/Users/steven/Music/nocTurneMeLoDieS/Media/theVoidAsPrimoridslSource-Podcast/theVoidAsPrimoridslSource-Podcast.mp3
Heartbeats in the Dark.mp3,3:10,2.95 MB,06-02-25,/Users/steven/Music/nocTurneMeLoDieS/Media/Heartbeats in the Dark/Heartbeats in the Dark.mp3
Echoes_of_the_Alley_Blues.mp3,2:39,3.65 MB,06-02-25,/Users/steven/Music/nocTurneMeLoDieS/Media/Echoes_of_the_Alley_Blues/Echoes_of_the_Alley_Blues.mp3
Love is rubbish Let's Get Trashy (Remix)341.mp3,3:41,4.87 MB,06-02-25,/Users/steven/Music/nocTurneMeLoDieS/Media/Love is rubbish Let's Get Trashy (Remix)341/Love is rubbish Let's Get Trashy (Remix)341.mp3
Willow Tree (Remix)-142.mp3,1:42,2.31 MB,06-02-25,/Users/steven/Music/nocTurneMeLoDieS/Media/Willow Tree (Remix)-142/Willow Tree (Remix)-142.mp3
The Alley King.mp3,2:38,2.42 MB,06-02-25,/Users/steven/Music/nocTurneMeLoDieS/Media/The Alley King/The Alley King.mp3
Howligritty Nights.mp3,2:49,2.58 MB,06-02-25,/Users/steven/Music/nocTurneMeLoDieS/Media/Howligritty Nights/Howligritty Nights.mp3
in This aLLey Where i HiDe-oG (Remix)324.mp3,3:24,4.56 MB,06-02-25,/Users/steven/Music/nocTurneMeLoDieS/Media/in This aLLey Where i HiDe-oG (Remix)324/in This aLLey Where i HiDe-oG (Remix)324.mp3
Heroes Rise  - Villains Overthrow (Remastered) (Remix)228.mp3,2:28,3.21 MB,06-02-25,/Users/steven/Music/nocTurneMeLoDieS/Media/Heroes Rise  - Villains Overthrow (Remastered) (Remix)228/Heroes Rise  - Villains Overthrow (Remastered) (Remix)228.mp3
Kings and Queens of Litter (Remastered).mp3,3:59,3.66 MB,06-02-25,/Users/steven/Music/nocTurneMeLoDieS/Media/Kings and Queens of Litter (Remastered)/Kings and Queens of Litter (Remastered).mp3
Heartbeats_in_the_Dark_Remastered_Song_Lyrics.mp3,3:59,5.48 MB,06-02-25,/Users/steven/Music/nocTurneMeLoDieS/Media/Heartbeats_in_the_Dark_Remastered_Song_Lyrics/Heartbeats_in_the_Dark_Remastered_Song_Lyrics.mp3
Junkyard Symphony Scraps.mp3,3:10,2.91 MB,06-02-25,/Users/steven/Music/nocTurneMeLoDieS/Media/Junkyard Symphony Scraps/Junkyard Symphony Scraps.mp3
Willow Tree (Remix)-127.mp3,1:27,2.01 MB,06-02-25,/Users/steven/Music/nocTurneMeLoDieS/Media/Willow Tree (Remix)-127/Willow Tree (Remix)-127.mp3
Where Shadows Play.mp3,3:29,3.21 MB,06-02-25,/Users/steven/Music/nocTurneMeLoDieS/Media/Where Shadows Play/Where Shadows Play.mp3
Moonly Alley Serenade.mp3,2:56,2.69 MB,06-02-25,/Users/steven/Music/nocTurneMeLoDieS/Media/Moonly Alley Serenade/Moonly Alley Serenade.mp3
Witches Road (Remastered).mp3,2:56,4.06 MB,06-02-25,/Users/steven/Music/nocTurneMeLoDieS/Media/Witches Road (Remastered)/Witches Road (Remastered).mp3
